{
  "Atelectasis": {
    "true_positives": 0,
    "true_negatives": 22317,
    "false_positives": 0,
    "false_negatives": 3279,
    "total_samples": 25596,
    "sensitivity": 0.0,
    "specificity": 1.0,
    "precision": 0.0,
    "npv": 0.8718940459446789,
    "f1_score": 0.0,
    "accuracy": 0.8718940459446789,
    "fpr": 0.0,
    "fnr": 1.0,
    "auc": 0.48779725741441937,
    "auprc": 0.1221448966905677
  },
  "Consolidation": {
    "true_positives": 1815,
    "true_negatives": 0,
    "false_positives": 23781,
    "false_negatives": 0,
    "total_samples": 25596,
    "sensitivity": 1.0,
    "specificity": 0.0,
    "precision": 0.07090951711204876,
    "npv": 0.0,
    "f1_score": 0.13242858706358762,
    "accuracy": 0.07090951711204876,
    "fpr": 1.0,
    "fnr": 0.0,
    "auc": 0.4869956257182882,
    "auprc": 0.06811387502412927
  },
  "Infiltration": {
    "true_positives": 6112,
    "true_negatives": 0,
    "false_positives": 19484,
    "false_negatives": 0,
    "total_samples": 25596,
    "sensitivity": 1.0,
    "specificity": 0.0,
    "precision": 0.23878731051726831,
    "npv": 0.0,
    "f1_score": 0.38551785038476094,
    "accuracy": 0.23878731051726831,
    "fpr": 1.0,
    "fnr": 0.0,
    "auc": 0.501887061514294,
    "auprc": 0.23913150138849742
  },
  "Pneumothorax": {
    "true_positives": 97,
    "true_negatives": 21822,
    "false_positives": 1109,
    "false_negatives": 2568,
    "total_samples": 25596,
    "sensitivity": 0.036397748592870545,
    "specificity": 0.9516375212594305,
    "precision": 0.08043117744610281,
    "npv": 0.8947109471094711,
    "f1_score": 0.05011624903125808,
    "accuracy": 0.8563447413658384,
    "fpr": 0.04836247874056954,
    "fnr": 0.9636022514071294,
    "auc": 0.46388570229818255,
    "auprc": 0.09325144921897549
  },
  "Edema": {
    "true_positives": 925,
    "true_negatives": 0,
    "false_positives": 24671,
    "false_negatives": 0,
    "total_samples": 25596,
    "sensitivity": 1.0,
    "specificity": 0.0,
    "precision": 0.03613845913423973,
    "npv": 0.0,
    "f1_score": 0.069756042381509,
    "accuracy": 0.03613845913423973,
    "fpr": 1.0,
    "fnr": 0.0,
    "auc": 0.5201316788394734,
    "auprc": 0.03866652473583928
  },
  "Emphysema": {
    "true_positives": 0,
    "true_negatives": 24503,
    "false_positives": 0,
    "false_negatives": 1093,
    "total_samples": 25596,
    "sensitivity": 0.0,
    "specificity": 1.0,
    "precision": 0.0,
    "npv": 0.957298015314893,
    "f1_score": 0.0,
    "accuracy": 0.957298015314893,
    "fpr": 0.0,
    "fnr": 1.0,
    "auc": 0.5030211398578115,
    "auprc": 0.044963063757566764
  },
  "Fibrosis": {
    "true_positives": 363,
    "true_negatives": 2026,
    "false_positives": 23135,
    "false_negatives": 72,
    "total_samples": 25596,
    "sensitivity": 0.8344827586206897,
    "specificity": 0.08052144191407337,
    "precision": 0.01544812324453145,
    "npv": 0.9656816015252622,
    "f1_score": 0.030334684327079763,
    "accuracy": 0.09333489607751211,
    "fpr": 0.9194785580859266,
    "fnr": 0.16551724137931034,
    "auc": 0.39859342615167515,
    "auprc": 0.013194303516253378
  },
  "Effusion": {
    "true_positives": 4658,
    "true_negatives": 0,
    "false_positives": 20938,
    "false_negatives": 0,
    "total_samples": 25596,
    "sensitivity": 1.0,
    "specificity": 0.0,
    "precision": 0.18198155961869042,
    "npv": 0.0,
    "f1_score": 0.3079262246314537,
    "accuracy": 0.18198155961869042,
    "fpr": 1.0,
    "fnr": 0.0,
    "auc": 0.5070049992410478,
    "auprc": 0.18795882178764342
  },
  "Pneumonia": {
    "true_positives": 555,
    "true_negatives": 0,
    "false_positives": 25041,
    "false_negatives": 0,
    "total_samples": 25596,
    "sensitivity": 1.0,
    "specificity": 0.0,
    "precision": 0.021683075480543833,
    "npv": 0.0,
    "f1_score": 0.04244579557187105,
    "accuracy": 0.021683075480543833,
    "fpr": 1.0,
    "fnr": 0.0,
    "auc": 0.5156727471451324,
    "auprc": 0.022410576118534958
  },
  "Pleural_Thickening": {
    "true_positives": 2,
    "true_negatives": 24402,
    "false_positives": 51,
    "false_negatives": 1141,
    "total_samples": 25596,
    "sensitivity": 0.0017497812773403325,
    "specificity": 0.997914366335419,
    "precision": 0.03773584905660377,
    "npv": 0.955330227459578,
    "f1_score": 0.0033444816053511705,
    "accuracy": 0.9534302234724176,
    "fpr": 0.002085633664581033,
    "fnr": 0.9982502187226596,
    "auc": 0.42917997670035246,
    "auprc": 0.03715300815865457
  },
  "Cardiomegaly": {
    "true_positives": 1062,
    "true_negatives": 147,
    "false_positives": 24380,
    "false_negatives": 7,
    "total_samples": 25596,
    "sensitivity": 0.9934518241347053,
    "specificity": 0.005993395034044115,
    "precision": 0.0417420014149831,
    "npv": 0.9545454545454546,
    "f1_score": 0.08011768699784995,
    "accuracy": 0.04723394280356306,
    "fpr": 0.9940066049659558,
    "fnr": 0.006548175865294668,
    "auc": 0.4960501519430506,
    "auprc": 0.04041846147652951
  },
  "Nodule": {
    "true_positives": 80,
    "true_negatives": 22931,
    "false_positives": 1042,
    "false_negatives": 1543,
    "total_samples": 25596,
    "sensitivity": 0.04929143561306223,
    "specificity": 0.9565344345722271,
    "precision": 0.07130124777183601,
    "npv": 0.9369535016752472,
    "f1_score": 0.058287795992714025,
    "accuracy": 0.899007657446476,
    "fpr": 0.04346556542777291,
    "fnr": 0.9507085643869377,
    "auc": 0.49936401546831577,
    "auprc": 0.06436004849273053
  },
  "Mass": {
    "true_positives": 1747,
    "true_negatives": 16,
    "false_positives": 23832,
    "false_negatives": 1,
    "total_samples": 25596,
    "sensitivity": 0.9994279176201373,
    "specificity": 0.0006709158000670916,
    "precision": 0.06829821337816178,
    "npv": 0.9411764705882353,
    "f1_score": 0.12785889413400667,
    "accuracy": 0.06887794967963744,
    "fpr": 0.9993290841999329,
    "fnr": 0.0005720823798627002,
    "auc": 0.4970855775556403,
    "auprc": 0.06740678872977751
  },
  "Hernia": {
    "true_positives": 79,
    "true_negatives": 835,
    "false_positives": 24675,
    "false_negatives": 7,
    "total_samples": 25596,
    "sensitivity": 0.9186046511627907,
    "specificity": 0.032732261858094865,
    "precision": 0.003191403409549972,
    "npv": 0.9916864608076009,
    "f1_score": 0.006360708534621578,
    "accuracy": 0.03570870448507579,
    "fpr": 0.9672677381419051,
    "fnr": 0.08139534883720931,
    "auc": 0.28036201033794317,
    "auprc": 0.0021216289995503197
  }
}