{
  "Atelectasis": {
    "true_positives": 929,
    "true_negatives": 20145,
    "false_positives": 2172,
    "false_negatives": 2350,
    "total_samples": 25596,
    "sensitivity": 0.2833180847819457,
    "specificity": 0.9026750907380025,
    "precision": 0.29958078039342145,
    "npv": 0.8955323405201155,
    "f1_score": 0.29122257053291534,
    "accuracy": 0.8233317705891545,
    "fpr": 0.09732490926199758,
    "fnr": 0.7166819152180542,
    "auc": 0.691554165127087,
    "auprc": 0.2618129517078417
  },
  "Consolidation": {
    "true_positives": 227,
    "true_negatives": 22459,
    "false_positives": 1322,
    "false_negatives": 1588,
    "total_samples": 25596,
    "sensitivity": 0.12506887052341598,
    "specificity": 0.9444094024641521,
    "precision": 0.14654615881213687,
    "npv": 0.9339626564644239,
    "f1_score": 0.1349583828775268,
    "accuracy": 0.8863103609939053,
    "fpr": 0.05559059753584795,
    "fnr": 0.874931129476584,
    "auc": 0.6409834320358765,
    "auprc": 0.11883343546352648
  },
  "Infiltration": {
    "true_positives": 2575,
    "true_negatives": 14479,
    "false_positives": 5005,
    "false_negatives": 3537,
    "total_samples": 25596,
    "sensitivity": 0.4213023560209424,
    "specificity": 0.7431225621022377,
    "precision": 0.3397097625329815,
    "npv": 0.8036745115452931,
    "f1_score": 0.376132047911189,
    "accuracy": 0.6662759806219721,
    "fpr": 0.25687743789776224,
    "fnr": 0.5786976439790575,
    "auc": 0.6183366507060162,
    "auprc": 0.3216944297242207
  },
  "Pneumothorax": {
    "true_positives": 880,
    "true_negatives": 21709,
    "false_positives": 1222,
    "false_negatives": 1785,
    "total_samples": 25596,
    "sensitivity": 0.3302063789868668,
    "specificity": 0.9467096943002922,
    "precision": 0.4186489058039962,
    "npv": 0.9240231548480463,
    "f1_score": 0.3692049507027481,
    "accuracy": 0.8825207063603688,
    "fpr": 0.05329030569970782,
    "fnr": 0.6697936210131332,
    "auc": 0.8016710135300263,
    "auprc": 0.34007579969872287
  },
  "Edema": {
    "true_positives": 209,
    "true_negatives": 23679,
    "false_positives": 992,
    "false_negatives": 716,
    "total_samples": 25596,
    "sensitivity": 0.22594594594594594,
    "specificity": 0.9597908475538082,
    "precision": 0.1740216486261449,
    "npv": 0.9706497233039557,
    "f1_score": 0.19661335841956723,
    "accuracy": 0.9332708235661822,
    "fpr": 0.04020915244619189,
    "fnr": 0.774054054054054,
    "auc": 0.7484268760674258,
    "auprc": 0.11805284507719677
  },
  "Emphysema": {
    "true_positives": 429,
    "true_negatives": 23683,
    "false_positives": 820,
    "false_negatives": 664,
    "total_samples": 25596,
    "sensitivity": 0.39249771271729184,
    "specificity": 0.9665347100355058,
    "precision": 0.3434747798238591,
    "npv": 0.9727276461165647,
    "f1_score": 0.36635354397950465,
    "accuracy": 0.9420221909673386,
    "fpr": 0.033465289964494147,
    "fnr": 0.6075022872827082,
    "auc": 0.8465684449117439,
    "auprc": 0.2853302895655577
  },
  "Fibrosis": {
    "true_positives": 30,
    "true_negatives": 24887,
    "false_positives": 274,
    "false_negatives": 405,
    "total_samples": 25596,
    "sensitivity": 0.06896551724137931,
    "specificity": 0.989110130757919,
    "precision": 0.09868421052631579,
    "npv": 0.9839870314724023,
    "f1_score": 0.08119079837618404,
    "accuracy": 0.9734724175652446,
    "fpr": 0.010889869242080998,
    "fnr": 0.9310344827586207,
    "auc": 0.6833413963500345,
    "auprc": 0.045339729640780584
  },
  "Effusion": {
    "true_positives": 2170,
    "true_negatives": 17960,
    "false_positives": 2978,
    "false_negatives": 2488,
    "total_samples": 25596,
    "sensitivity": 0.46586517818806356,
    "specificity": 0.857770560703028,
    "precision": 0.42152292152292153,
    "npv": 0.8783255086071987,
    "f1_score": 0.4425861717315929,
    "accuracy": 0.7864510079699953,
    "fpr": 0.14222943929697202,
    "fnr": 0.5341348218119365,
    "auc": 0.7613151236218436,
    "auprc": 0.4072580937486381
  },
  "Pneumonia": {
    "true_positives": 27,
    "true_negatives": 24703,
    "false_positives": 338,
    "false_negatives": 528,
    "total_samples": 25596,
    "sensitivity": 0.04864864864864865,
    "specificity": 0.9865021364961463,
    "precision": 0.07397260273972603,
    "npv": 0.979073362133883,
    "f1_score": 0.058695652173913045,
    "accuracy": 0.9661665885294577,
    "fpr": 0.01349786350385368,
    "fnr": 0.9513513513513514,
    "auc": 0.5860282829852734,
    "auprc": 0.0365084911957282
  },
  "Pleural_Thickening": {
    "true_positives": 162,
    "true_negatives": 23467,
    "false_positives": 986,
    "false_negatives": 981,
    "total_samples": 25596,
    "sensitivity": 0.14173228346456693,
    "specificity": 0.9596777491514333,
    "precision": 0.14111498257839722,
    "npv": 0.9598740183246073,
    "f1_score": 0.14142295940637276,
    "accuracy": 0.9231520550085951,
    "fpr": 0.04032225084856664,
    "fnr": 0.8582677165354331,
    "auc": 0.6816449783019751,
    "auprc": 0.10237367171216882
  },
  "Cardiomegaly": {
    "true_positives": 316,
    "true_negatives": 23976,
    "false_positives": 551,
    "false_negatives": 753,
    "total_samples": 25596,
    "sensitivity": 0.29560336763330214,
    "specificity": 0.9775349614710319,
    "precision": 0.3644752018454441,
    "npv": 0.9695499211452141,
    "f1_score": 0.3264462809917355,
    "accuracy": 0.9490545397718394,
    "fpr": 0.022465038528968077,
    "fnr": 0.7043966323666978,
    "auc": 0.8148209016367026,
    "auprc": 0.2640489297325136
  },
  "Nodule": {
    "true_positives": 290,
    "true_negatives": 22929,
    "false_positives": 1044,
    "false_negatives": 1333,
    "total_samples": 25596,
    "sensitivity": 0.1786814540973506,
    "specificity": 0.9564510073833062,
    "precision": 0.21739130434782608,
    "npv": 0.9450581155716758,
    "f1_score": 0.19614474129184986,
    "accuracy": 0.9071339271761213,
    "fpr": 0.04354899261669378,
    "fnr": 0.8213185459026494,
    "auc": 0.6737877658062589,
    "auprc": 0.144773132010614
  },
  "Mass": {
    "true_positives": 513,
    "true_negatives": 22672,
    "false_positives": 1176,
    "false_negatives": 1235,
    "total_samples": 25596,
    "sensitivity": 0.29347826086956524,
    "specificity": 0.9506876886950688,
    "precision": 0.3037300177619893,
    "npv": 0.9483414899401849,
    "f1_score": 0.29851614780331687,
    "accuracy": 0.90580559462416,
    "fpr": 0.04931231130493123,
    "fnr": 0.7065217391304348,
    "auc": 0.7544868333733785,
    "auprc": 0.23616229478217782
  },
  "Hernia": {
    "true_positives": 31,
    "true_negatives": 25470,
    "false_positives": 40,
    "false_negatives": 55,
    "total_samples": 25596,
    "sensitivity": 0.36046511627906974,
    "specificity": 0.9984319874558997,
    "precision": 0.43661971830985913,
    "npv": 0.997845249755142,
    "f1_score": 0.3949044585987261,
    "accuracy": 0.9962884825754024,
    "fpr": 0.0015680125441003528,
    "fnr": 0.6395348837209303,
    "auc": 0.8156518647498019,
    "auprc": 0.34030270177957156
  }
}