{
  "Atelectasis": {
    "true_positives": 748,
    "true_negatives": 19991,
    "false_positives": 2326,
    "false_negatives": 2531,
    "total_samples": 25596,
    "sensitivity": 0.22811832875876792,
    "specificity": 0.8957745216650983,
    "precision": 0.24333116460637605,
    "npv": 0.8876209928070331,
    "f1_score": 0.23547930111758225,
    "accuracy": 0.8102437880918893,
    "fpr": 0.10422547833490164,
    "fnr": 0.7718816712412321,
    "auc": 0.6407457554918939,
    "auprc": 0.20250962942211084
  },
  "Consolidation": {
    "true_positives": 153,
    "true_negatives": 22769,
    "false_positives": 1012,
    "false_negatives": 1662,
    "total_samples": 25596,
    "sensitivity": 0.08429752066115702,
    "specificity": 0.9574450191329212,
    "precision": 0.1313304721030043,
    "npv": 0.9319716753305227,
    "f1_score": 0.10268456375838925,
    "accuracy": 0.8955305516486951,
    "fpr": 0.04255498086707876,
    "fnr": 0.915702479338843,
    "auc": 0.6034726892072902,
    "auprc": 0.09990926171491141
  },
  "Infiltration": {
    "true_positives": 2411,
    "true_negatives": 14531,
    "false_positives": 4953,
    "false_negatives": 3701,
    "total_samples": 25596,
    "sensitivity": 0.3944698952879581,
    "specificity": 0.7457914185998769,
    "precision": 0.32740358500814776,
    "npv": 0.7970052654673102,
    "f1_score": 0.35782131196200656,
    "accuracy": 0.661900296921394,
    "fpr": 0.2542085814001232,
    "fnr": 0.6055301047120419,
    "auc": 0.6074165994100678,
    "auprc": 0.3172705358050475
  },
  "Pneumothorax": {
    "true_positives": 547,
    "true_negatives": 21968,
    "false_positives": 963,
    "false_negatives": 2118,
    "total_samples": 25596,
    "sensitivity": 0.2052532833020638,
    "specificity": 0.9580044481269897,
    "precision": 0.3622516556291391,
    "npv": 0.912065100058125,
    "f1_score": 0.26203592814371257,
    "accuracy": 0.8796296296296297,
    "fpr": 0.04199555187301034,
    "fnr": 0.7947467166979362,
    "auc": 0.7414418473627915,
    "auprc": 0.2697619096965166
  },
  "Edema": {
    "true_positives": 130,
    "true_negatives": 23993,
    "false_positives": 678,
    "false_negatives": 795,
    "total_samples": 25596,
    "sensitivity": 0.14054054054054055,
    "specificity": 0.9725183413724616,
    "precision": 0.1608910891089109,
    "npv": 0.9679280296917864,
    "f1_score": 0.15002885170225042,
    "accuracy": 0.9424519456165026,
    "fpr": 0.027481658627538406,
    "fnr": 0.8594594594594595,
    "auc": 0.721687548681185,
    "auprc": 0.10396183024160963
  },
  "Emphysema": {
    "true_positives": 240,
    "true_negatives": 23862,
    "false_positives": 641,
    "false_negatives": 853,
    "total_samples": 25596,
    "sensitivity": 0.21957913998170173,
    "specificity": 0.9738399379667796,
    "precision": 0.2724177071509648,
    "npv": 0.9654865466316003,
    "f1_score": 0.243161094224924,
    "accuracy": 0.9416315049226441,
    "fpr": 0.02616006203322042,
    "fnr": 0.7804208600182982,
    "auc": 0.7672462311036171,
    "auprc": 0.184461590374903
  },
  "Fibrosis": {
    "true_positives": 19,
    "true_negatives": 24982,
    "false_positives": 179,
    "false_negatives": 416,
    "total_samples": 25596,
    "sensitivity": 0.04367816091954023,
    "specificity": 0.9928858153491514,
    "precision": 0.09595959595959595,
    "npv": 0.9836207575399638,
    "f1_score": 0.06003159557661927,
    "accuracy": 0.9767541803406782,
    "fpr": 0.007114184650848536,
    "fnr": 0.9563218390804598,
    "auc": 0.6023270825538704,
    "auprc": 0.035661626062275756
  },
  "Effusion": {
    "true_positives": 2327,
    "true_negatives": 16793,
    "false_positives": 4145,
    "false_negatives": 2331,
    "total_samples": 25596,
    "sensitivity": 0.4995706311721769,
    "specificity": 0.8020345782787277,
    "precision": 0.359548825710754,
    "npv": 0.8781112737920937,
    "f1_score": 0.41814914645103324,
    "accuracy": 0.7469917174558525,
    "fpr": 0.19796542172127232,
    "fnr": 0.5004293688278231,
    "auc": 0.7313675860617094,
    "auprc": 0.369771953817528
  },
  "Pneumonia": {
    "true_positives": 9,
    "true_negatives": 24815,
    "false_positives": 226,
    "false_negatives": 546,
    "total_samples": 25596,
    "sensitivity": 0.016216216216216217,
    "specificity": 0.9909748013258256,
    "precision": 0.03829787234042553,
    "npv": 0.9784708804857852,
    "f1_score": 0.022784810126582282,
    "accuracy": 0.9698390373495859,
    "fpr": 0.009025198674174353,
    "fnr": 0.9837837837837838,
    "auc": 0.5511306682266309,
    "auprc": 0.026122008898023463
  },
  "Pleural_Thickening": {
    "true_positives": 91,
    "true_negatives": 23777,
    "false_positives": 676,
    "false_negatives": 1052,
    "total_samples": 25596,
    "sensitivity": 0.07961504811898512,
    "specificity": 0.9723551302498671,
    "precision": 0.11864406779661017,
    "npv": 0.9576301905030408,
    "f1_score": 0.09528795811518323,
    "accuracy": 0.9324894514767933,
    "fpr": 0.02764486975013291,
    "fnr": 0.9203849518810149,
    "auc": 0.619712216686937,
    "auprc": 0.07777219765028798
  },
  "Cardiomegaly": {
    "true_positives": 252,
    "true_negatives": 23952,
    "false_positives": 575,
    "false_negatives": 817,
    "total_samples": 25596,
    "sensitivity": 0.23573433115060805,
    "specificity": 0.976556447996086,
    "precision": 0.3047158403869408,
    "npv": 0.9670152206387016,
    "f1_score": 0.2658227848101266,
    "accuracy": 0.9456165025785279,
    "fpr": 0.023443552003914053,
    "fnr": 0.764265668849392,
    "auc": 0.7791210831475959,
    "auprc": 0.2080991721477317
  },
  "Nodule": {
    "true_positives": 171,
    "true_negatives": 22920,
    "false_positives": 1053,
    "false_negatives": 1452,
    "total_samples": 25596,
    "sensitivity": 0.10536044362292052,
    "specificity": 0.9560755850331623,
    "precision": 0.13970588235294118,
    "npv": 0.9404234367306745,
    "f1_score": 0.12012644889357219,
    "accuracy": 0.9021331458040319,
    "fpr": 0.043924414966837695,
    "fnr": 0.8946395563770795,
    "auc": 0.5911052018137369,
    "auprc": 0.09775255965912974
  },
  "Mass": {
    "true_positives": 317,
    "true_negatives": 22429,
    "false_positives": 1419,
    "false_negatives": 1431,
    "total_samples": 25596,
    "sensitivity": 0.18135011441647597,
    "specificity": 0.9404981549815498,
    "precision": 0.1826036866359447,
    "npv": 0.9400251466890193,
    "f1_score": 0.1819747416762342,
    "accuracy": 0.8886544772620723,
    "fpr": 0.059501845018450183,
    "fnr": 0.818649885583524,
    "auc": 0.6578967638867672,
    "auprc": 0.13621602233017102
  },
  "Hernia": {
    "true_positives": 4,
    "true_negatives": 25500,
    "false_positives": 10,
    "false_negatives": 82,
    "total_samples": 25596,
    "sensitivity": 0.046511627906976744,
    "specificity": 0.999607996863975,
    "precision": 0.2857142857142857,
    "npv": 0.996794621218044,
    "f1_score": 0.08,
    "accuracy": 0.9964056883888107,
    "fpr": 0.0003920031360250882,
    "fnr": 0.9534883720930233,
    "auc": 0.6595229412998096,
    "auprc": 0.05861993570293943
  }
}