{
  "Atelectasis": {
    "true_positives": 1077,
    "true_negatives": 18712,
    "false_positives": 3605,
    "false_negatives": 2202,
    "total_samples": 25596,
    "sensitivity": 0.3284537968892955,
    "specificity": 0.8384639512479276,
    "precision": 0.2300299017513883,
    "npv": 0.8947116763890217,
    "f1_score": 0.27056902399196076,
    "accuracy": 0.7731286138459135,
    "fpr": 0.16153604875207242,
    "fnr": 0.6715462031107045
  },
  "Consolidation": {
    "true_positives": 234,
    "true_negatives": 21862,
    "false_positives": 1919,
    "false_negatives": 1581,
    "total_samples": 25596,
    "sensitivity": 0.12892561983471074,
    "specificity": 0.9193053277826837,
    "precision": 0.1086855550394798,
    "npv": 0.9325598259608412,
    "f1_score": 0.11794354838709678,
    "accuracy": 0.8632598843569308,
    "fpr": 0.08069467221731634,
    "fnr": 0.8710743801652893
  },
  "Infiltration": {
    "true_positives": 3146,
    "true_negatives": 12398,
    "false_positives": 7086,
    "false_negatives": 2966,
    "total_samples": 25596,
    "sensitivity": 0.5147251308900523,
    "specificity": 0.636316978033258,
    "precision": 0.30746677091477714,
    "npv": 0.8069513147617808,
    "f1_score": 0.3849730788056779,
    "accuracy": 0.6072823878731052,
    "fpr": 0.36368302196674196,
    "fnr": 0.48527486910994766
  },
  "Pneumothorax": {
    "true_positives": 1023,
    "true_negatives": 20771,
    "false_positives": 2160,
    "false_negatives": 1642,
    "total_samples": 25596,
    "sensitivity": 0.3838649155722326,
    "specificity": 0.905804369630631,
    "precision": 0.32139491046182844,
    "npv": 0.9267389461473252,
    "f1_score": 0.34986320109439123,
    "accuracy": 0.8514611658071574,
    "fpr": 0.09419563036936898,
    "fnr": 0.6161350844277673
  },
  "Edema": {
    "true_positives": 257,
    "true_negatives": 23082,
    "false_positives": 1589,
    "false_negatives": 668,
    "total_samples": 25596,
    "sensitivity": 0.27783783783783783,
    "specificity": 0.9355923959304446,
    "precision": 0.13921993499458288,
    "npv": 0.9718736842105263,
    "f1_score": 0.18549260194875494,
    "accuracy": 0.9118221597124551,
    "fpr": 0.06440760406955535,
    "fnr": 0.7221621621621621
  },
  "Emphysema": {
    "true_positives": 377,
    "true_negatives": 23084,
    "false_positives": 1419,
    "false_negatives": 716,
    "total_samples": 25596,
    "sensitivity": 0.34492223238792313,
    "specificity": 0.9420887238297352,
    "precision": 0.2099109131403118,
    "npv": 0.9699159663865546,
    "f1_score": 0.2609899619245414,
    "accuracy": 0.9165885294577277,
    "fpr": 0.05791127617026486,
    "fnr": 0.6550777676120768
  },
  "Fibrosis": {
    "true_positives": 50,
    "true_negatives": 24457,
    "false_positives": 704,
    "false_negatives": 385,
    "total_samples": 25596,
    "sensitivity": 0.11494252873563218,
    "specificity": 0.972020189976551,
    "precision": 0.06631299734748011,
    "npv": 0.9845020529748008,
    "f1_score": 0.08410428931875526,
    "accuracy": 0.9574542897327707,
    "fpr": 0.02797981002344899,
    "fnr": 0.8850574712643678
  },
  "Effusion": {
    "true_positives": 2350,
    "true_negatives": 17053,
    "false_positives": 3885,
    "false_negatives": 2308,
    "total_samples": 25596,
    "sensitivity": 0.5045083726921425,
    "specificity": 0.8144521921864553,
    "precision": 0.3769045709703288,
    "npv": 0.8807912814420743,
    "f1_score": 0.4314697512163775,
    "accuracy": 0.7580481325207064,
    "fpr": 0.18554780781354474,
    "fnr": 0.49549162730785745
  },
  "Pneumonia": {
    "true_positives": 32,
    "true_negatives": 24186,
    "false_positives": 855,
    "false_negatives": 523,
    "total_samples": 25596,
    "sensitivity": 0.05765765765765766,
    "specificity": 0.9658559961662873,
    "precision": 0.036076662908680945,
    "npv": 0.9788336233760978,
    "f1_score": 0.044382801664355064,
    "accuracy": 0.9461634630411002,
    "fpr": 0.03414400383371271,
    "fnr": 0.9423423423423424
  },
  "Pleural_Thickening": {
    "true_positives": 125,
    "true_negatives": 23387,
    "false_positives": 1066,
    "false_negatives": 1018,
    "total_samples": 25596,
    "sensitivity": 0.10936132983377078,
    "specificity": 0.9564061669324827,
    "precision": 0.10495382031905962,
    "npv": 0.9582872362220857,
    "f1_score": 0.10711225364181663,
    "accuracy": 0.9185810282856697,
    "fpr": 0.043593833067517275,
    "fnr": 0.8906386701662292
  },
  "Cardiomegaly": {
    "true_positives": 335,
    "true_negatives": 23760,
    "false_positives": 767,
    "false_negatives": 734,
    "total_samples": 25596,
    "sensitivity": 0.31337698783910195,
    "specificity": 0.9687283401965181,
    "precision": 0.3039927404718693,
    "npv": 0.9700334775863477,
    "f1_score": 0.30861354214647624,
    "accuracy": 0.941358024691358,
    "fpr": 0.03127165980348188,
    "fnr": 0.686623012160898
  },
  "Nodule": {
    "true_positives": 266,
    "true_negatives": 22047,
    "false_positives": 1926,
    "false_negatives": 1357,
    "total_samples": 25596,
    "sensitivity": 0.16389402341343193,
    "specificity": 0.9196596170692029,
    "precision": 0.12135036496350365,
    "npv": 0.9420184583831823,
    "f1_score": 0.13944954128440368,
    "accuracy": 0.8717377715268011,
    "fpr": 0.08034038293079715,
    "fnr": 0.836105976586568
  },
  "Mass": {
    "true_positives": 441,
    "true_negatives": 21887,
    "false_positives": 1961,
    "false_negatives": 1307,
    "total_samples": 25596,
    "sensitivity": 0.2522883295194508,
    "specificity": 0.917770882254277,
    "precision": 0.1835970024979184,
    "npv": 0.9436492196257653,
    "f1_score": 0.2125301204819277,
    "accuracy": 0.8723238005938427,
    "fpr": 0.08222911774572292,
    "fnr": 0.7477116704805492
  },
  "Hernia": {
    "true_positives": 6,
    "true_negatives": 25471,
    "false_positives": 39,
    "false_negatives": 80,
    "total_samples": 25596,
    "sensitivity": 0.06976744186046512,
    "specificity": 0.9984711877695022,
    "precision": 0.13333333333333333,
    "npv": 0.9968690070838715,
    "f1_score": 0.0916030534351145,
    "accuracy": 0.9953508360681357,
    "fpr": 0.001528812230497844,
    "fnr": 0.9302325581395349
  }
}