{
    "train_loss": [
        1.230705180747672,
        1.1277483070128065,
        1.0449466259113742,
        0.9831653158016874,
        0.9042831103484423,
        0.8153623391679606,
        0.7355584427714348,
        0.6507012864192621,
        0.5904084822634672,
        0.5457158558717937,
        0.5039973486621147,
        0.46530815859819297,
        0.4269132178944713,
        0.40067304075866,
        0.3667381672660326,
        0.35289888142465226,
        0.3207621620813051,
        0.31025192142910085,
        0.28706154780197274,
        0.2734235268423606,
        0.2589332727498466,
        0.2491890485785805,
        0.24339401705428104,
        0.22914041242736105,
        0.21219920433796047,
        0.19945167434744385,
        0.19484770439510093,
        0.19925551707968253,
        0.1721077426551891,
        0.17453927081594736,
        0.1569258878747769,
        0.1437665778203642,
        0.1435700185276747,
        0.13274946912276162,
        0.1412605019596142,
        0.13027383938996387,
        0.11982475710746981,
        0.1273996920588249,
        0.10852974956569411,
        0.10858956238946942
    ],
    "train_acc": [
        0.5557444095611572,
        0.6347967982292175,
        0.692836195230484,
        0.7208993136882782,
        0.7518187612295151,
        0.7750431895256042,
        0.7981375902891159,
        0.8232432007789612,
        0.838949054479599,
        0.8533484786748886,
        0.8632157146930695,
        0.875012643635273,
        0.8855124413967133,
        0.8922395408153534,
        0.9015247672796249,
        0.9058908298611641,
        0.9142091423273087,
        0.9176175817847252,
        0.9237337782979012,
        0.9277190640568733,
        0.9320882186293602,
        0.9362984597682953,
        0.9367070943117142,
        0.9411598369479179,
        0.9443268068134785,
        0.9483719393610954,
        0.9504667371511459,
        0.9510652534663677,
        0.9562424011528492,
        0.9565261825919151,
        0.9599985964596272,
        0.9638208337128162,
        0.9643058367073536,
        0.9672984108328819,
        0.9660724848508835,
        0.9690340999513865,
        0.9714467339217663,
        0.9700102992355824,
        0.9742029961198568,
        0.9749232772737741
    ],
    "train_f1_macro": [
        0.11107511727121934,
        0.13488128780486622,
        0.15069970022985515,
        0.1610696530954501,
        0.17694445267042286,
        0.19803465903952389,
        0.2185502987194651,
        0.25989533144038846,
        0.28874340122016656,
        0.31948941768470945,
        0.33990256497440435,
        0.3698236490137981,
        0.3967235785411886,
        0.4236778502805542,
        0.45593010492991226,
        0.47190793016121096,
        0.5038530005865686,
        0.5086597000604358,
        0.5514840392307797,
        0.5580493702055903,
        0.5827545778841837,
        0.6018307404781077,
        0.5788286857613744,
        0.6038286747056965,
        0.6333146721121716,
        0.6588229992676207,
        0.6724803739349418,
        0.6557893877407885,
        0.7003875755335803,
        0.687918306892387,
        0.7170075947931994,
        0.7394766589925209,
        0.7400232329657911,
        0.7591519526628486,
        0.737308251326257,
        0.7532550013207847,
        0.7674892964236216,
        0.7408934415369098,
        0.7723908149535051,
        0.780457494915343
    ],
    "train_f1_weighted": [
        0.19646794963090927,
        0.22924921051194153,
        0.24676321296940518,
        0.25558151679904545,
        0.2685911359936662,
        0.2811714655621673,
        0.2931498835760325,
        0.31231716618897754,
        0.3274502052993401,
        0.3444141718049505,
        0.36036632650276734,
        0.3781665189349286,
        0.39969129624469024,
        0.4150419062938304,
        0.43699523090796294,
        0.4498636992091188,
        0.4746227210148892,
        0.48614182636143244,
        0.5072834730120115,
        0.522668312616874,
        0.5396331444600008,
        0.5580241216721912,
        0.5596554885084959,
        0.5807621007781967,
        0.5947517156726484,
        0.6150145416722117,
        0.6259005888631559,
        0.6289071666592383,
        0.6571600486818749,
        0.6586873466673806,
        0.6790451687356923,
        0.7020227641952591,
        0.7041955464364205,
        0.7235469621208431,
        0.7151471095766093,
        0.7345071400477221,
        0.7502565341701776,
        0.7402325864544924,
        0.7695365928930171,
        0.7744365269008936
    ],
    "val_loss": [NaN,
        1.1079685719969532,
        1.0975794071631158,
        1.0592312355579159,
        1.093636334493288,
        1.236337194711576,
        1.2697630256910202,
        1.450518240659823,
        1.5670837236089759,
        1.727533292638176,
        1.8813558046786931,
        2.064969632189287,
        2.23830236574418,
        2.2330807503622694,
        2.5423665965000053,
        2.5267875807673126,
        2.9321429512967905,
        2.882970506321921,
        3.2237463326033295,
        3.386400177000631,
        3.3167648039992326,
        3.4686247264611745,
        3.5446161635481714,
        3.6343917867612925,
        4.0168390725214245,
        3.88377844306766,
        4.1857449821645805,
        4.3579131571400405,
        4.2318414146710674,
        4.22013966763967,
        4.706355883156306,
        4.589715656368217,
        4.726686655263142,
        4.739935634757587,
        4.9542411749772794,
        5.1492946303816245,
        5.081861911551569,
        4.854964508587243,
        4.990199425083873,
        5.377953161373597
    ],
    "val_acc": [
        0.6178024411201477,
        0.6726916134357452,
        0.6779873669147491,
        0.7093614637851715,
        0.7099021673202515,
        0.7726173251867294,
        0.7674495428800583,
        0.7882073670625687,
        0.797065258026123,
        0.8126098960638046,
        0.8399389088153839,
        0.8465142250061035,
        0.8504849970340729,
        0.851731538772583,
        0.8588888496160507,
        0.8654971718788147,
        0.8801584988832474,
        0.8823791667819023,
        0.8844264671206474,
        0.8965616896748543,
        0.8860527500510216,
        0.899170346558094,
        0.895996205508709,
        0.8980104848742485,
        0.9096792861819267,
        0.8984727784991264,
        0.9054484665393829,
        0.9141164794564247,
        0.9083130359649658,
        0.9048829823732376,
        0.9171090126037598,
        0.9080901443958282,
        0.9063730537891388,
        0.9087464362382889,
        0.9075040221214294,
        0.917608454823494,
        0.9180335998535156,
        0.9140999689698219,
        0.9131506159901619,
        0.9204069823026657
    ],