{
  "Atelectasis": {
    "true_positives": 1023,
    "true_negatives": 19059,
    "false_positives": 3258,
    "false_negatives": 2256,
    "total_samples": 25596,
    "sensitivity": 0.3119853613906679,
    "specificity": 0.8540126361070036,
    "precision": 0.23896285914505958,
    "npv": 0.8941590429275158,
    "f1_score": 0.2706349206349207,
    "accuracy": 0.7845757149554617,
    "fpr": 0.14598736389299638,
    "fnr": 0.6880146386093321
  },
  "Consolidation": {
    "true_positives": 223,
    "true_negatives": 22174,
    "false_positives": 1607,
    "false_negatives": 1592,
    "total_samples": 25596,
    "sensitivity": 0.12286501377410468,
    "specificity": 0.9324250452041546,
    "precision": 0.12185792349726776,
    "npv": 0.9330135487671464,
    "f1_score": 0.1223593964334705,
    "accuracy": 0.8750195343022347,
    "fpr": 0.06757495479584542,
    "fnr": 0.8771349862258954
  },
  "Infiltration": {
    "true_positives": 4040,
    "true_negatives": 10101,
    "false_positives": 9383,
    "false_negatives": 2072,
    "total_samples": 25596,
    "sensitivity": 0.6609947643979057,
    "specificity": 0.5184253746663929,
    "precision": 0.30097593682485285,
    "npv": 0.8297872340425532,
    "f1_score": 0.4136165856155618,
    "accuracy": 0.5524691358024691,
    "fpr": 0.48157462533360706,
    "fnr": 0.3390052356020942
  },
  "Pneumothorax": {
    "true_positives": 636,
    "true_negatives": 21728,
    "false_positives": 1203,
    "false_negatives": 2029,
    "total_samples": 25596,
    "sensitivity": 0.23864915572232645,
    "specificity": 0.9475382669748376,
    "precision": 0.3458401305057096,
    "npv": 0.9145935934671886,
    "f1_score": 0.28241563055062163,
    "accuracy": 0.8737302703547429,
    "fpr": 0.052461733025162445,
    "fnr": 0.7613508442776735
  },
  "Edema": {
    "true_positives": 169,
    "true_negatives": 23662,
    "false_positives": 1009,
    "false_negatives": 756,
    "total_samples": 25596,
    "sensitivity": 0.1827027027027027,
    "specificity": 0.9591017794171294,
    "precision": 0.1434634974533107,
    "npv": 0.9690392333524449,
    "f1_score": 0.16072277698525914,
    "accuracy": 0.9310439131114236,
    "fpr": 0.04089822058287058,
    "fnr": 0.8172972972972973
  },
  "Emphysema": {
    "true_positives": 240,
    "true_negatives": 23720,
    "false_positives": 783,
    "false_negatives": 853,
    "total_samples": 25596,
    "sensitivity": 0.21957913998170173,
    "specificity": 0.9680447292168306,
    "precision": 0.23460410557184752,
    "npv": 0.9652871037317381,
    "f1_score": 0.2268431001890359,
    "accuracy": 0.9360837630879825,
    "fpr": 0.031955270783169405,
    "fnr": 0.7804208600182982
  },
  "Fibrosis": {
    "true_positives": 33,
    "true_negatives": 24719,
    "false_positives": 442,
    "false_negatives": 402,
    "total_samples": 25596,
    "sensitivity": 0.07586206896551724,
    "specificity": 0.9824331306386869,
    "precision": 0.06947368421052631,
    "npv": 0.9839974523307193,
    "f1_score": 0.07252747252747252,
    "accuracy": 0.9670260978277856,
    "fpr": 0.017566869361313145,
    "fnr": 0.9241379310344827
  },
  "Effusion": {
    "true_positives": 2542,
    "true_negatives": 16263,
    "false_positives": 4675,
    "false_negatives": 2116,
    "total_samples": 25596,
    "sensitivity": 0.5457277801631601,
    "specificity": 0.77672174992836,
    "precision": 0.3522239157544686,
    "npv": 0.884868600032646,
    "f1_score": 0.42812631578947363,
    "accuracy": 0.7346851070479763,
    "fpr": 0.22327825007164007,
    "fnr": 0.45427221983683985
  },
  "Pneumonia": {
    "true_positives": 14,
    "true_negatives": 24607,
    "false_positives": 434,
    "false_negatives": 541,
    "total_samples": 25596,
    "sensitivity": 0.025225225225225224,
    "specificity": 0.9826684237849926,
    "precision": 0.03125,
    "npv": 0.9784873548592333,
    "f1_score": 0.027916251246261216,
    "accuracy": 0.9619081106422879,
    "fpr": 0.017331576215007388,
    "fnr": 0.9747747747747748
  },
  "Pleural_Thickening": {
    "true_positives": 194,
    "true_negatives": 22858,
    "false_positives": 1595,
    "false_negatives": 949,
    "total_samples": 25596,
    "sensitivity": 0.16972878390201224,
    "specificity": 0.9347728295096717,
    "precision": 0.10844046953605366,
    "npv": 0.960137774604108,
    "f1_score": 0.13233287858117326,
    "accuracy": 0.9006094702297234,
    "fpr": 0.06522717049032839,
    "fnr": 0.8302712160979877
  },
  "Cardiomegaly": {
    "true_positives": 310,
    "true_negatives": 23888,
    "false_positives": 639,
    "false_negatives": 759,
    "total_samples": 25596,
    "sensitivity": 0.2899906454630496,
    "specificity": 0.9739470787295633,
    "precision": 0.3266596417281349,
    "npv": 0.9692051771006613,
    "f1_score": 0.30723488602576804,
    "accuracy": 0.9453820909517112,
    "fpr": 0.026052921270436662,
    "fnr": 0.7100093545369505
  },
  "Nodule": {
    "true_positives": 265,
    "true_negatives": 21947,
    "false_positives": 2026,
    "false_negatives": 1358,
    "total_samples": 25596,
    "sensitivity": 0.16327788046826863,
    "specificity": 0.9154882576231594,
    "precision": 0.11567001309471846,
    "npv": 0.9417292426517915,
    "f1_score": 0.13541134389371487,
    "accuracy": 0.8677918424753868,
    "fpr": 0.08451174237684062,
    "fnr": 0.8367221195317314
  },
  "Mass": {
    "true_positives": 429,
    "true_negatives": 21964,
    "false_positives": 1884,
    "false_negatives": 1319,
    "total_samples": 25596,
    "sensitivity": 0.24542334096109839,
    "specificity": 0.9209996645420999,
    "precision": 0.185473411154345,
    "npv": 0.9433492247562599,
    "f1_score": 0.2112780103422802,
    "accuracy": 0.874863259884357,
    "fpr": 0.07900033545790003,
    "fnr": 0.7545766590389016
  },
  "Hernia": {
    "true_positives": 2,
    "true_negatives": 25502,
    "false_positives": 8,
    "false_negatives": 84,
    "total_samples": 25596,
    "sensitivity": 0.023255813953488372,
    "specificity": 0.9996863974911799,
    "precision": 0.2,
    "npv": 0.9967169545845385,
    "f1_score": 0.041666666666666664,
    "accuracy": 0.9964056883888107,
    "fpr": 0.00031360250882007056,
    "fnr": 0.9767441860465116
  }
}