{
  "epoch": 40,
  "best_epoch": 36,
  "train_loss": [
    1.2466980787114603,
    1.206403277745529,
    1.193038596573687,
    1.189916019023236,
    1.1845831410501448,
    1.1815415404310068,
    1.175991959084865,
    1.1674572749135674,
    1.1598621539620066,
    1.1534384040647425,
    1.1505395621887637,
    1.232252925138597,
    1.142691938444118,
    1.0980862147706714,
    1.0677760585233598,
    1.0227844588417223,
    0.9549367171118308,
    0.8963491135791578,
    0.8192592146849456,
    0.7381182280463785,
    0.6710924347673238,
    0.6167766818718197,
    0.5536687037668254,
    0.5079476027964664,
    0.4731565643783638,
    0.4419829037157533,
    0.40284065115170864,
    0.376995501747138,
    0.35730617005178317,
    0.33923088259953665,
    0.3283446909663527,
    0.2511867845702965,
    0.21007842815338243,
    0.19459985849721265,
    0.1764026229509089,
    0.16781499445465928,
    0.1569725285368574,
    0.14915523850556994,
    0.13835639061402813,
    0.13106594011772857
  ],
  "train_acc": [
    0.6028939485549927,
    0.6382629871368408,
    0.6426941156387329,
    0.6437920331954956,
    0.6451139450073242,
    0.6476824283599854,
    0.650549054145813,
    0.6527873277664185,
    0.6557323932647705,
    0.6613089442253113,
    0.6604947447776794,
    0.6376583576202393,
    0.6632282733917236,
    0.6789661645889282,
    0.6915803551673889,
    0.7052409648895264,
    0.7287904024124146,
    0.7495887875556946,
    0.7710826396942139,
    0.7945268750190735,
    0.8161507844924927,
    0.8314439058303833,
    0.8487430214881897,
    0.8622869849205017,
    0.8723822832107544,
    0.8813744187355042,
    0.8919836282730103,
    0.8986477851867676,
    0.9054295420646667,
    0.9103125929832458,
    0.9131462574005127,
    0.9319086670875549,
    0.942969799041748,
    0.9476805329322815,
    0.9527844190597534,
    0.9559813141822815,
    0.9585601091384888,
    0.9605640769004822,
    0.964222252368927,
    0.9660601019859314
  ],
  "train_f1_macro": [
    0.11406061184213166,
    0.12155769467296663,
    0.12249062603534241,
    0.12397589483129771,
    0.12370906804275485,
    0.12451055945600507,
    0.12472956044289837,
    0.12526429912304407,
    0.1265594805098498,
    0.12781114369155672,
    0.12840206648684857,
    0.12359930394812715,
    0.1348268561703459,
    0.14162396275298647,
    0.14613803185215893,
    0.1526763137154957,
    0.16426417788640207,
    0.17685243053007163,
    0.19355281739240301,
    0.22108980597113534,
    0.25238477498587397,
    0.27474719502704203,
    0.3090681950246122,
    0.35206688987943924,
    0.3846801883954845,
    0.38408821908224766,
    0.42391117940216466,
    0.45078169308703103,
    0.4777103001300486,
    0.49255609033398556,
    0.4790321358322024,
    0.5976643696126871,
    0.6791600054793615,
    0.7076377500055536,
    0.7362885824295008,
    0.7520795171277715,
    0.7498950913068779,
    0.7637956362811629,
    0.7904527369219582,
    0.7985152906657735
  ],
  "train_f1_weighted": [
    0.19951192771841939,
    0.207402475992544,
    0.20839440121985311,
    0.21012365354170992,
    0.21034855834545527,
    0.2116524386154974,
    0.21122749649826864,
    0.21149824450340823,
    0.21324202441293735,
    0.2151535947746341,
    0.21533840857284045,
    0.2115997103372291,
    0.22674767213699437,
    0.2351201965479089,
    0.23905037364491047,
    0.24552419097695563,
    0.2552907014773923,
    0.2645414347933843,
    0.27532266519418747,
    0.28801187509595555,
    0.3039946578656355,
    0.31740235772755376,
    0.33814839282646925,
    0.3564209044885397,
    0.3734177668829795,
    0.38909995553770066,
    0.41238100140312844,
    0.4289246379837825,
    0.44699819289575643,
    0.46104880042804164,
    0.4700208075310046,
    0.5401820511189287,
    0.5922207059896727,
    0.6159464962467632,
    0.6434656231862507,
    0.6608216140664572,
    0.6754877429229442,
    0.6866119621918314,
    0.7098310984431311,
    0.7203965194093507
  ],
  "val_loss": [
    NaN,
    NaN,
    NaN,
    1.2090476372325707,
    NaN,
    NaN,
    1.2240138400945118,
    NaN,
    NaN,
    NaN,
    NaN,
    NaN,
    1.3521006100719826,
    NaN,
    NaN,
    1.103244200872185,
    1.1753457598457053,
    1.168090171492254,
    1.2434372175863622,
    1.4274062487312253,
    1.5486701872895252,
    1.873585607670592,
    2.0363524060372726,
    2.476606389015307,
    2.5505196736392164,
    2.7340670387758124,
    2.842724341341396,
    3.124532767397639,
    3.0862716792802054,
    3.0566061423358106,
    3.8107143002054387,
    4.049548888933637,
    4.839804212619549,
    4.866227730062003,
    5.154990798389185,
    5.429044999829502,
    5.466704373659356,
    6.11414620244459,
    6.118212549501338,
    6.60064679092268
  ],
  "val_acc": [
    0.6475543975830078,
    0.6320221424102783,
    0.6470673084259033,
    0.6551616191864014,
    0.6550666689872742,
    0.6602756977081299,
    0.6695175170898438,
    0.6566145420074463,
    0.6790109872817993,
    0.6736079454421997,
    0.6468526721000671,
    0.6609815359115601,
    0.6758781671524048,
    0.6875345706939697,
    0.7011681199073792,
    0.7014487981796265,
    0.7319973707199097,
    0.7286168336868286,
    0.7292772531509399,
    0.795785665512085,
    0.7905353307723999,
    0.8410327434539795,
    0.8421224355697632,
    0.8496057987213135,
    0.8474677205085754,
    0.8617038726806641,
    0.8564659357070923,
    0.8666239976882935,
    0.8536137342453003,
    0.8619226217269897,
    0.879704475402832,
    0.8969249129295349,
    0.9103149175643921,
    0.9018656611442566,
    0.9083749651908875,
    0.9066454768180847,
    0.9137986302375793,
    0.9188508987426758,
    0.9143434762954712,
    0.9203285574913025
  ],
  "val_f1_macro": [
    0.11929116227921689,
    0.11954585001151118,
    0.12155242067010692,
    0.1225269003234074,
    0.12168376721338513,
    0.12151875820123059,
    0.12182139665811756,
    0.12015741037757198,
    0.1251012703661361,
    0.12410570471918479,
    0.12197581714386449,
    0.12677349434248272,
    0.13383057599288797,
    0.13800274183301506,
    0.14128045744215573,
    0.14787692961645948,
    0.15436582518677952,
    0.15352202769275886,
    0.15208153111396377,
    0.16831462946931403,
    0.16979084528973645,
    0.18619290792908236,
    0.18765318787895963,
    0.1826732090872941,
    0.18074774470249239,
    0.18835430396355388,
    0.19166851700748638,
    0.18530236397976993,
    0.1811764480396307,
    0.1848409533916749,
    0.190851611184484,
    0.19733974796919057,
    0.1935716777446003,
    0.19418462573796863,
    0.19535903313470177,
    0.1975479830859341,
    0.19598685218001669,
    0.19009835634581354,
    0.1953143271144793,
    0.1917923863090168
  ],
  "val_f1_weighted": [
    0.20960618091307698,
    0.21007850653040652,
    0.21395434965527022,
    0.21483935043930752,
    0.21279396302130676,
    0.21310085499311698,
    0.21341897702894622,
    0.21157515949427397,
    0.21947025010868704,
    0.2165386262513958,
    0.21300160766995122,
    0.22198060604331712,
    0.231079101852592,
    0.23416246235120594,
    0.23535335705481653,
    0.2473199444869887,
    0.25575780072823523,
    0.2538078903251278,
    0.24838212553873512,
    0.262333963354929,
    0.26455302963483673,
    0.2796926356707925,
    0.2779674721072014,
    0.27278907099956007,
    0.27106019950515464,
    0.2774530753586026,
    0.27675532964528166,
    0.273481551919855,
    0.2642849838258302,
    0.2707190141930288,
    0.2769560506993199,
    0.2804929884051672,
    0.27903028327459817,
    0.2742980729992058,
    0.2794650292729937,
    0.278591319182684,
    0.27383202417968594,
    0.26966443099262294,
    0.27548657234853974,
    0.2762018526642684
  ]
}