{
  "Atelectasis": {
    "true_positives": 808,
    "true_negatives": 18895,
    "false_positives": 3422,
    "false_negatives": 2471,
    "total_samples": 25596,
    "sensitivity": 0.24641659042390973,
    "specificity": 0.8466639781332617,
    "precision": 0.19101654846335697,
    "npv": 0.884348965646354,
    "f1_score": 0.21520841656678652,
    "accuracy": 0.7697687138615409,
    "fpr": 0.15333602186673836,
    "fnr": 0.7535834095760903,
    "auc": 0.6127491227043831,
    "auprc": 0.17376593886469763
  },
  "Consolidation": {
    "true_positives": 195,
    "true_negatives": 22322,
    "false_positives": 1459,
    "false_negatives": 1620,
    "total_samples": 25596,
    "sensitivity": 0.10743801652892562,
    "specificity": 0.9386485009040831,
    "precision": 0.11789600967351874,
    "npv": 0.9323364798262468,
    "f1_score": 0.11242432977803402,
    "accuracy": 0.8797077668385686,
    "fpr": 0.06135149909591691,
    "fnr": 0.8925619834710744,
    "auc": 0.5989430875378786,
    "auprc": 0.09569624895314005
  },
  "Infiltration": {
    "true_positives": 3399,
    "true_negatives": 11393,
    "false_positives": 8091,
    "false_negatives": 2713,
    "total_samples": 25596,
    "sensitivity": 0.556119109947644,
    "specificity": 0.584736193800041,
    "precision": 0.295822454308094,
    "npv": 0.8076704948248972,
    "f1_score": 0.38620611294171125,
    "accuracy": 0.57790279731208,
    "fpr": 0.41526380619995895,
    "fnr": 0.44388089005235604,
    "auc": 0.5947222242562296,
    "auprc": 0.3016501672941005
  },
  "Pneumothorax": {
    "true_positives": 252,
    "true_negatives": 21913,
    "false_positives": 1018,
    "false_negatives": 2413,
    "total_samples": 25596,
    "sensitivity": 0.09455909943714821,
    "specificity": 0.9556059482796214,
    "precision": 0.1984251968503937,
    "npv": 0.9008057222724657,
    "f1_score": 0.1280813214739517,
    "accuracy": 0.8659556180653227,
    "fpr": 0.044394051720378525,
    "fnr": 0.9054409005628518,
    "auc": 0.6035501070468114,
    "auprc": 0.15118357474242325
  },
  "Edema": {
    "true_positives": 106,
    "true_negatives": 23685,
    "false_positives": 986,
    "false_negatives": 819,
    "total_samples": 25596,
    "sensitivity": 0.11459459459459459,
    "specificity": 0.9600340480726359,
    "precision": 0.09706959706959707,
    "npv": 0.9665768854064642,
    "f1_score": 0.105106593951413,
    "accuracy": 0.9294811689326458,
    "fpr": 0.03996595192736411,
    "fnr": 0.8854054054054054,
    "auc": 0.7006068400693669,
    "auprc": 0.07493032045986536
  },
  "Emphysema": {
    "true_positives": 47,
    "true_negatives": 23909,
    "false_positives": 594,
    "false_negatives": 1046,
    "total_samples": 25596,
    "sensitivity": 0.043000914913083256,
    "specificity": 0.9757580704403542,
    "precision": 0.07332293291731669,
    "npv": 0.9580845521939491,
    "f1_score": 0.05420991926182237,
    "accuracy": 0.9359274886701047,
    "fpr": 0.02424192955964576,
    "fnr": 0.9569990850869168,
    "auc": 0.579815048880808,
    "auprc": 0.0568394282255264
  },
  "Fibrosis": {
    "true_positives": 17,
    "true_negatives": 24800,
    "false_positives": 361,
    "false_negatives": 418,
    "total_samples": 25596,
    "sensitivity": 0.03908045977011494,
    "specificity": 0.9856523985533167,
    "precision": 0.04497354497354497,
    "npv": 0.9834245380283925,
    "f1_score": 0.041820418204182044,
    "accuracy": 0.9695655571182997,
    "fpr": 0.014347601446683358,
    "fnr": 0.960919540229885,
    "auc": 0.5840183699732344,
    "auprc": 0.02421629429949747
  },
  "Effusion": {
    "true_positives": 1752,
    "true_negatives": 16779,
    "false_positives": 4159,
    "false_negatives": 2906,
    "total_samples": 25596,
    "sensitivity": 0.37612709317303566,
    "specificity": 0.8013659375298501,
    "precision": 0.2963965488073084,
    "npv": 0.8523749047498095,
    "f1_score": 0.33153562304853823,
    "accuracy": 0.7239803094233473,
    "fpr": 0.19863406247014997,
    "fnr": 0.6238729068269644,
    "auc": 0.6634652119174479,
    "auprc": 0.2775039436475947
  },
  "Pneumonia": {
    "true_positives": 12,
    "true_negatives": 24661,
    "false_positives": 380,
    "false_negatives": 543,
    "total_samples": 25596,
    "sensitivity": 0.021621621621621623,
    "specificity": 0.9848248871850166,
    "precision": 0.030612244897959183,
    "npv": 0.9784558006665609,
    "f1_score": 0.025343189017951427,
    "accuracy": 0.9639396780746992,
    "fpr": 0.015175112814983427,
    "fnr": 0.9783783783783784,
    "auc": 0.4881967267375198,
    "auprc": 0.02238480335503459
  },
  "Pleural_Thickening": {
    "true_positives": 80,
    "true_negatives": 23560,
    "false_positives": 893,
    "false_negatives": 1063,
    "total_samples": 25596,
    "sensitivity": 0.0699912510936133,
    "specificity": 0.9634809634809635,
    "precision": 0.08221993833504625,
    "npv": 0.9568289810339926,
    "f1_score": 0.07561436672967864,
    "accuracy": 0.923581809657759,
    "fpr": 0.03651903651903652,
    "fnr": 0.9300087489063867,
    "auc": 0.608980503924557,
    "auprc": 0.06423442330123001
  },
  "Cardiomegaly": {
    "true_positives": 126,
    "true_negatives": 23904,
    "false_positives": 623,
    "false_negatives": 943,
    "total_samples": 25596,
    "sensitivity": 0.11786716557530402,
    "specificity": 0.974599421046194,
    "precision": 0.16822429906542055,
    "npv": 0.9620477321205779,
    "f1_score": 0.13861386138613863,
    "accuracy": 0.9388185654008439,
    "fpr": 0.02540057895380601,
    "fnr": 0.882132834424696,
    "auc": 0.6949552893409349,
    "auprc": 0.10363732297302017
  },
  "Nodule": {
    "true_positives": 128,
    "true_negatives": 22423,
    "false_positives": 1550,
    "false_negatives": 1495,
    "total_samples": 25596,
    "sensitivity": 0.07886629698089957,
    "specificity": 0.9353439285863263,
    "precision": 0.07628128724672228,
    "npv": 0.9374947738105193,
    "f1_score": 0.07755225689185095,
    "accuracy": 0.8810360993905297,
    "fpr": 0.06465607141367372,
    "fnr": 0.9211337030191005,
    "auc": 0.5367626045927258,
    "auprc": 0.07013527808044233
  },
  "Mass": {
    "true_positives": 209,
    "true_negatives": 22205,
    "false_positives": 1643,
    "false_negatives": 1539,
    "total_samples": 25596,
    "sensitivity": 0.11956521739130435,
    "specificity": 0.9311053337806106,
    "precision": 0.11285097192224622,
    "npv": 0.9351836253369272,
    "f1_score": 0.11611111111111111,
    "accuracy": 0.8756837005782153,
    "fpr": 0.06889466621938947,
    "fnr": 0.8804347826086957,
    "auc": 0.5928819451107971,
    "auprc": 0.09246869763561132
  },
  "Hernia": {
    "true_positives": 1,
    "true_negatives": 25466,
    "false_positives": 44,
    "false_negatives": 85,
    "total_samples": 25596,
    "sensitivity": 0.011627906976744186,
    "specificity": 0.9982751862014896,
    "precision": 0.022222222222222223,
    "npv": 0.9966733200266135,
    "f1_score": 0.015267175572519087,
    "accuracy": 0.9949601500234412,
    "fpr": 0.0017248137985103882,
    "fnr": 0.9883720930232558,
    "auc": 0.49998632547199917,
    "auprc": 0.005879940742079355
  }
}