{
  "Atelectasis": {
    "true_positives": 906,
    "true_negatives": 20238,
    "false_positives": 2079,
    "false_negatives": 2373,
    "total_samples": 25596,
    "sensitivity": 0.27630375114364136,
    "specificity": 0.9068423175157951,
    "precision": 0.3035175879396985,
    "npv": 0.895051081332095,
    "f1_score": 0.289272030651341,
    "accuracy": 0.8260665729020159,
    "fpr": 0.09315768248420486,
    "fnr": 0.7236962488563586,
    "auc": 0.6894056273597862,
    "auprc": 0.25740325698151134
  },
  "Consolidation": {
    "true_positives": 227,
    "true_negatives": 22620,
    "false_positives": 1161,
    "false_negatives": 1588,
    "total_samples": 25596,
    "sensitivity": 0.12506887052341598,
    "specificity": 0.9511795130566418,
    "precision": 0.16354466858789626,
    "npv": 0.9344018506278916,
    "f1_score": 0.1417421167655323,
    "accuracy": 0.8926004063134865,
    "fpr": 0.048820486943358145,
    "fnr": 0.874931129476584,
    "auc": 0.6333475123032104,
    "auprc": 0.1226072591142742
  },
  "Infiltration": {
    "true_positives": 2313,
    "true_negatives": 15025,
    "false_positives": 4459,
    "false_negatives": 3799,
    "total_samples": 25596,
    "sensitivity": 0.3784358638743455,
    "specificity": 0.7711455553274482,
    "precision": 0.3415534554046072,
    "npv": 0.7981831704207395,
    "f1_score": 0.35904998447687053,
    "accuracy": 0.6773714642912955,
    "fpr": 0.22885444467255184,
    "fnr": 0.6215641361256544,
    "auc": 0.6250157406976968,
    "auprc": 0.32590534910488533
  },
  "Pneumothorax": {
    "true_positives": 787,
    "true_negatives": 21826,
    "false_positives": 1105,
    "false_negatives": 1878,
    "total_samples": 25596,
    "sensitivity": 0.2953095684803002,
    "specificity": 0.9518119576119664,
    "precision": 0.41596194503171247,
    "npv": 0.9207728653391832,
    "f1_score": 0.34540267719991224,
    "accuracy": 0.8834583528676355,
    "fpr": 0.04818804238803367,
    "fnr": 0.7046904315196998,
    "auc": 0.7856836518201312,
    "auprc": 0.32580691685597163
  },
  "Edema": {
    "true_positives": 160,
    "true_negatives": 23901,
    "false_positives": 770,
    "false_negatives": 765,
    "total_samples": 25596,
    "sensitivity": 0.17297297297297298,
    "specificity": 0.9687892667504358,
    "precision": 0.17204301075268819,
    "npv": 0.9689856482607638,
    "f1_score": 0.1725067385444744,
    "accuracy": 0.9400296921393968,
    "fpr": 0.031210733249564266,
    "fnr": 0.827027027027027,
    "auc": 0.754019699242025,
    "auprc": 0.11830783668079323
  },
  "Emphysema": {
    "true_positives": 424,
    "true_negatives": 23842,
    "false_positives": 661,
    "false_negatives": 669,
    "total_samples": 25596,
    "sensitivity": 0.3879231473010064,
    "specificity": 0.9730237113822797,
    "precision": 0.39078341013824885,
    "npv": 0.9727061319407613,
    "f1_score": 0.3893480257116621,
    "accuracy": 0.9480387560556337,
    "fpr": 0.02697628861772028,
    "fnr": 0.6120768526989936,
    "auc": 0.8560742921521383,
    "auprc": 0.3174298333683433
  },
  "Fibrosis": {
    "true_positives": 24,
    "true_negatives": 24960,
    "false_positives": 201,
    "false_negatives": 411,
    "total_samples": 25596,
    "sensitivity": 0.05517241379310345,
    "specificity": 0.9920114462859186,
    "precision": 0.10666666666666667,
    "npv": 0.9838004020338181,
    "f1_score": 0.07272727272727272,
    "accuracy": 0.9760900140646976,
    "fpr": 0.007988553714081316,
    "fnr": 0.9448275862068966,
    "auc": 0.6583892605185822,
    "auprc": 0.04823041465093318
  },
  "Effusion": {
    "true_positives": 2221,
    "true_negatives": 18019,
    "false_positives": 2919,
    "false_negatives": 2437,
    "total_samples": 25596,
    "sensitivity": 0.4768140832975526,
    "specificity": 0.8605884038590124,
    "precision": 0.4321011673151751,
    "npv": 0.8808662495111459,
    "f1_score": 0.4533578281281894,
    "accuracy": 0.7907485544616346,
    "fpr": 0.13941159614098766,
    "fnr": 0.5231859167024474,
    "auc": 0.7650795140294593,
    "auprc": 0.41902540466586247
  },
  "Pneumonia": {
    "true_positives": 20,
    "true_negatives": 24758,
    "false_positives": 283,
    "false_negatives": 535,
    "total_samples": 25596,
    "sensitivity": 0.036036036036036036,
    "specificity": 0.9886985344035781,
    "precision": 0.066006600660066,
    "npv": 0.978847902581742,
    "f1_score": 0.04662004662004662,
    "accuracy": 0.9680418815439913,
    "fpr": 0.011301465596421869,
    "fnr": 0.963963963963964,
    "auc": 0.593001855335628,
    "auprc": 0.03519222149048257
  },
  "Pleural_Thickening": {
    "true_positives": 156,
    "true_negatives": 23627,
    "false_positives": 826,
    "false_negatives": 987,
    "total_samples": 25596,
    "sensitivity": 0.13648293963254593,
    "specificity": 0.9662209135893346,
    "precision": 0.15885947046843177,
    "npv": 0.9599008694239051,
    "f1_score": 0.14682352941176469,
    "accuracy": 0.9291686200968902,
    "fpr": 0.033779086410665356,
    "fnr": 0.863517060367454,
    "auc": 0.6681353365978314,
    "auprc": 0.10016663922936177
  },
  "Cardiomegaly": {
    "true_positives": 274,
    "true_negatives": 24030,
    "false_positives": 497,
    "false_negatives": 795,
    "total_samples": 25596,
    "sensitivity": 0.25631431244153413,
    "specificity": 0.9797366167896604,
    "precision": 0.3553826199740597,
    "npv": 0.9679758308157099,
    "f1_score": 0.29782608695652174,
    "accuracy": 0.9495233630254727,
    "fpr": 0.020263383210339627,
    "fnr": 0.7436856875584659,
    "auc": 0.8168076394533308,
    "auprc": 0.25502818660726523
  },
  "Nodule": {
    "true_positives": 267,
    "true_negatives": 23021,
    "false_positives": 952,
    "false_negatives": 1356,
    "total_samples": 25596,
    "sensitivity": 0.1645101663585952,
    "specificity": 0.9602886580736663,
    "precision": 0.21903199343724364,
    "npv": 0.9443737949706691,
    "f1_score": 0.18789584799437015,
    "accuracy": 0.9098296608845132,
    "fpr": 0.03971134192633379,
    "fnr": 0.8354898336414048,
    "auc": 0.6652229727842056,
    "auprc": 0.15069847691741525
  },
  "Mass": {
    "true_positives": 507,
    "true_negatives": 22671,
    "false_positives": 1177,
    "false_negatives": 1241,
    "total_samples": 25596,
    "sensitivity": 0.290045766590389,
    "specificity": 0.9506457564575646,
    "precision": 0.3010688836104513,
    "npv": 0.9481013716962194,
    "f1_score": 0.29545454545454547,
    "accuracy": 0.9055321143928738,
    "fpr": 0.04935424354243542,
    "fnr": 0.709954233409611,
    "auc": 0.7436234692334441,
    "auprc": 0.23518242622185176
  },
  "Hernia": {
    "true_positives": 38,
    "true_negatives": 25488,
    "false_positives": 22,
    "false_negatives": 48,
    "total_samples": 25596,
    "sensitivity": 0.4418604651162791,
    "specificity": 0.9991375931007448,
    "precision": 0.6333333333333333,
    "npv": 0.9981203007518797,
    "f1_score": 0.5205479452054794,
    "accuracy": 0.9972651976871386,
    "fpr": 0.0008624068992551941,
    "fnr": 0.5581395348837209,
    "auc": 0.8400476785209632,
    "auprc": 0.44819858227971016
  }
}