{
  "Atelectasis": {
    "true_positives": 23,
    "true_negatives": 22281,
    "false_positives": 36,
    "false_negatives": 3256,
    "total_samples": 25596,
    "sensitivity": 0.007014333638304361,
    "specificity": 0.9983868799569835,
    "precision": 0.3898305084745763,
    "npv": 0.8724987273368054,
    "f1_score": 0.013780707010185739,
    "accuracy": 0.871386154086576,
    "fpr": 0.0016131200430165346,
    "fnr": 0.9929856663616956
  },
  "Consolidation": {
    "true_positives": 15,
    "true_negatives": 23684,
    "false_positives": 97,
    "false_negatives": 1800,
    "total_samples": 25596,
    "sensitivity": 0.008264462809917356,
    "specificity": 0.9959211134939657,
    "precision": 0.13392857142857142,
    "npv": 0.9293674462407785,
    "f1_score": 0.015568240788790868,
    "accuracy": 0.9258868573214565,
    "fpr": 0.004078886506034229,
    "fnr": 0.9917355371900827
  },
  "Infiltration": {
    "true_positives": 0,
    "true_negatives": 19484,
    "false_positives": 0,
    "false_negatives": 6112,
    "total_samples": 25596,
    "sensitivity": 0.0,
    "specificity": 1.0,
    "precision": 0.0,
    "npv": 0.7612126894827317,
    "f1_score": 0.0,
    "accuracy": 0.7612126894827317,
    "fpr": 0.0,
    "fnr": 1.0
  },
  "Pneumothorax": {
    "true_positives": 127,
    "true_negatives": 22761,
    "false_positives": 170,
    "false_negatives": 2538,
    "total_samples": 25596,
    "sensitivity": 0.04765478424015009,
    "specificity": 0.9925864550172256,
    "precision": 0.4276094276094276,
    "npv": 0.8996798292422625,
    "f1_score": 0.08575286968264687,
    "accuracy": 0.8942022190967339,
    "fpr": 0.00741354498277441,
    "fnr": 0.9523452157598499
  },
  "Edema": {
    "true_positives": 38,
    "true_negatives": 24507,
    "false_positives": 164,
    "false_negatives": 887,
    "total_samples": 25596,
    "sensitivity": 0.04108108108108108,
    "specificity": 0.9933525191520408,
    "precision": 0.18811881188118812,
    "npv": 0.9650704890919115,
    "f1_score": 0.06743566992014197,
    "accuracy": 0.9589388967026098,
    "fpr": 0.006647480847959142,
    "fnr": 0.9589189189189189
  },
  "Emphysema": {
    "true_positives": 114,
    "true_negatives": 24275,
    "false_positives": 228,
    "false_negatives": 979,
    "total_samples": 25596,
    "sensitivity": 0.10430009149130832,
    "specificity": 0.9906950169367016,
    "precision": 0.3333333333333333,
    "npv": 0.9612338639423458,
    "f1_score": 0.1588850174216028,
    "accuracy": 0.9528441944053758,
    "fpr": 0.009304983063298371,
    "fnr": 0.8956999085086916
  },
  "Fibrosis": {
    "true_positives": 3,
    "true_negatives": 25120,
    "false_positives": 41,
    "false_negatives": 432,
    "total_samples": 25596,
    "sensitivity": 0.006896551724137931,
    "specificity": 0.9983704940185207,
    "precision": 0.06818181818181818,
    "npv": 0.9830932999373826,
    "f1_score": 0.012526096033402922,
    "accuracy": 0.981520550085951,
    "fpr": 0.0016295059814792736,
    "fnr": 0.993103448275862
  },
  "Effusion": {
    "true_positives": 395,
    "true_negatives": 20669,
    "false_positives": 269,
    "false_negatives": 4263,
    "total_samples": 25596,
    "sensitivity": 0.08480034349506226,
    "specificity": 0.9871525456108511,
    "precision": 0.5948795180722891,
    "npv": 0.8290149205839884,
    "f1_score": 0.14844043592634348,
    "accuracy": 0.82294108454446,
    "fpr": 0.012847454389148916,
    "fnr": 0.9151996565049377
  },
  "Pneumonia": {
    "true_positives": 0,
    "true_negatives": 25020,
    "false_positives": 21,
    "false_negatives": 555,
    "total_samples": 25596,
    "sensitivity": 0.0,
    "specificity": 0.9991613753444352,
    "precision": 0.0,
    "npv": 0.9782991202346041,
    "f1_score": 0.0,
    "accuracy": 0.9774964838255977,
    "fpr": 0.0008386246555648736,
    "fnr": 1.0
  },
  "Pleural_Thickening": {
    "true_positives": 18,
    "true_negatives": 24338,
    "false_positives": 115,
    "false_negatives": 1125,
    "total_samples": 25596,
    "sensitivity": 0.015748031496062992,
    "specificity": 0.9952971005602584,
    "precision": 0.13533834586466165,
    "npv": 0.9558182460825512,
    "f1_score": 0.028213166144200625,
    "accuracy": 0.9515549304578841,
    "fpr": 0.004702899439741545,
    "fnr": 0.984251968503937
  },
  "Cardiomegaly": {
    "true_positives": 61,
    "true_negatives": 24447,
    "false_positives": 80,
    "false_negatives": 1008,
    "total_samples": 25596,
    "sensitivity": 0.05706267539756782,
    "specificity": 0.9967382884168468,
    "precision": 0.4326241134751773,
    "npv": 0.9604007071302298,
    "f1_score": 0.10082644628099173,
    "accuracy": 0.9574933583372401,
    "fpr": 0.0032617115831532597,
    "fnr": 0.9429373246024322
  },
  "Nodule": {
    "true_positives": 16,
    "true_negatives": 23900,
    "false_positives": 73,
    "false_negatives": 1607,
    "total_samples": 25596,
    "sensitivity": 0.009858287122612447,
    "specificity": 0.9969549076043883,
    "precision": 0.1797752808988764,
    "npv": 0.9369976869094758,
    "f1_score": 0.01869158878504673,
    "accuracy": 0.9343647444913268,
    "fpr": 0.0030450923956117297,
    "fnr": 0.9901417128773875
  },
  "Mass": {
    "true_positives": 86,
    "true_negatives": 23632,
    "false_positives": 216,
    "false_negatives": 1662,
    "total_samples": 25596,
    "sensitivity": 0.04919908466819222,
    "specificity": 0.9909426366990942,
    "precision": 0.2847682119205298,
    "npv": 0.9342927176405471,
    "f1_score": 0.08390243902439024,
    "accuracy": 0.926629160806376,
    "fpr": 0.009057363300905737,
    "fnr": 0.9508009153318078
  },
  "Hernia": {
    "true_positives": 86,
    "true_negatives": 0,
    "false_positives": 25510,
    "false_negatives": 0,
    "total_samples": 25596,
    "sensitivity": 1.0,
    "specificity": 0.0,
    "precision": 0.0033598999843725583,
    "npv": 0.0,
    "f1_score": 0.006697297718246243,
    "accuracy": 0.0033598999843725583,
    "fpr": 1.0,
    "fnr": 0.0
  }
}