{"train_loss": [0.023211775305602388, 0.003357715043110184, 0.0032394730518576337, 0.0031328777596591187, 0.0030025026495295168, 0.0028355892358908116, 0.0026174859430151604, 0.0023878719670570657, 0.0021975022036898125, 0.0020267360940766682, 0.001907831518591275, 0.0017957320200561679, 0.0016946393462602056, 0.0016082427108562647, 0.0015694997409490313, 0.0014245941009888487, 0.001441613195312901, 0.0013421622492733856, 0.0013097101204940153, 0.001261899140132475, 0.0012245082124605492, 0.0011605435826794362, 0.00117831403625766, 0.0011225558996313318, 0.0011096657570258907, 0.0010647276455046722, 0.0010490930656583588, 0.0010007181082441825, 0.0010278684449631312, 0.0010004714709800641, 0.0009248020603405845, 0.0009564800722573586, 0.0008842520684468845, 0.0008730905684419777, 0.0009057154036213643, 0.0008251281131063019, 0.0007969336878610973, 0.0008326927449305881, 0.000772049590136577, 0.0007491363912155139], "train_acc": [0.8784138560295105, 0.8859623596072197, 0.8844361454248428, 0.8843092247843742, 0.884312316775322, 0.8844031244516373, 0.8847436606884003, 0.8854402080178261, 0.8862420096993446, 0.8872006684541702, 0.88789102435112, 0.8885411322116852, 0.8891675099730492, 0.8897784054279327, 0.890108622610569, 0.8914501145482063, 0.8913077116012573, 0.8922983556985855, 0.8927513733506203, 0.893278680741787, 0.8937636837363243, 0.8943002820014954, 0.8943106010556221, 0.894822433590889, 0.8952310755848885, 0.8957614824175835, 0.895986445248127, 0.8965828940272331, 0.8964054062962532, 0.8966427445411682, 0.8978088200092316, 0.8973134979605675, 0.898306205868721, 0.8986003026366234, 0.8984166160225868, 0.8992669209837914, 0.8999717235565186, 0.8994640186429024, 0.9006001651287079, 0.9009087085723877], "train_f1_macro": [0.03188526705544327, 0.00024261705745593862, 0.0003399812720324246, 0.0008731641368574526, 0.0024062031323598015, 0.012167488730416115, 0.0510005405951001, 0.12167740600812578, 0.18799175895809264, 0.24859491523639396, 0.2871039140014081, 0.3198942214307653, 0.3498440330343926, 0.3768956302545994, 0.39171041122498623, 0.4446758858945267, 0.43988650453575806, 0.4741434274456529, 0.4889383073782156, 0.5050533352338084, 0.5198325397729902, 0.5353555751002109, 0.5348297812929144, 0.5489465645087911, 0.5576954927596706, 0.5713907452660832, 0.576751443604419, 0.5918090127012471, 0.5856549119808826, 0.5924305109661944, 0.6182184237684699, 0.6071400255663997, 0.6296098676371622, 0.634064673581601, 0.6293866062464114, 0.647481762606532, 0.6607584279454832, 0.6481544735504332, 0.6706561587723775, 0.6764131927562135], "train_f1_weighted": [0.04659785603258823, 9.054344185439865e-06, 5.5187010666276305e-05, 0.0002861318356411397, 0.0008846481504232213, 0.004752428709728884, 0.018673211142003106, 0.04293900381174304, 0.06623966094734773, 0.08942059304066158, 0.10622160441894246, 0.1228591074134477, 0.14007673860051276, 0.15702590213279558, 0.16772675340893378, 0.2018076476842084, 0.20342168308046205, 0.2258275583148165, 0.23919500953086137, 0.2531634096066473, 0.26426521902238337, 0.2766964470818951, 0.27983969278652276, 0.29090113919657146, 0.3023640236318576, 0.31542071821672446, 0.3216970030042985, 0.33600054749051256, 0.33552753913064115, 0.3407456199496547, 0.3668682148268343, 0.3596371508969707, 0.3805068675336579, 0.3899067204239962, 0.38960572410301975, 0.40616195050697157, 0.4226033722273046, 0.4157271791388657, 0.43933363512616147, 0.44759157313345854], "val_loss": [0.0034164755115399133, 0.0032985246330998878, 0.003234577478837504, 0.0031959822723321794, 0.003202086813143642, 0.0032794364089363164, 0.0034286359233812683, 0.0035559961958762515, 0.0039634973627589165, 0.004112072893015545, 0.004314301921745036, 0.0044297684750531745, 0.004764570884299835, 0.004984625763011934, 0.0050972769630370516, 0.0056264676623194445, 0.005493099617689173, 0.005794538101723655, 0.006290875423687567, 0.006192989455658233, 0.0058623679935959705, 0.006360828583843166, 0.006343905705538563, 0.006410720202531287, 0.006635635763289693, 0.006729092768715374, 0.006492923173103172, 0.006579643383952694, 0.006944706101209793, 0.00685468698979154, 0.007160519527756848, 0.007506627964102034, 0.007077853978644237, 0.007160226565909653, 0.007599829134484839, 0.007521305006865047, 0.007395638357383129, 0.007474127558900074, 0.007968296632368648, 0.0080341737815945], "val_acc": [0.8875304386019707, 0.88432327657938, 0.8840921297669411, 0.8840880021452904, 0.8841086402535439, 0.8841168954968452, 0.8840962573885918, 0.8840302154421806, 0.8837454095482826, 0.8837330266833305, 0.8836546018719673, 0.88384860008955, 0.8835183903574944, 0.8837206438183784, 0.8835555389523506, 0.8832583501935005, 0.8834193274378777, 0.8829198852181435, 0.8829859271645546, 0.8829281404614449, 0.8835968151688576, 0.8831757977604866, 0.8832170739769936, 0.8834729865193367, 0.8832583501935005, 0.8836009427905083, 0.8835596665740013, 0.8837371543049812, 0.8834193274378777, 0.8836834952235222, 0.8836009427905083, 0.883278988301754, 0.8835018798708916, 0.883605070412159, 0.883184053003788, 0.8834606036543846, 0.8835885599255562, 0.8835142627358437, 0.8831551596522331, 0.8835761770606041], "val_f1_macro": [0.0002251491613193741, 0.00021502175027704725, 0.0002143269310032149, 0.00021431456432321935, 0.0017234059946010319, 0.006798435858468838, 0.014301900943714415, 0.01208224102842329, 0.025210167067061893, 0.025339150956824468, 0.0168010362288686, 0.024312457360529532, 0.03494249952419932, 0.03400391279211835, 0.0417932993941861, 0.04441017802544428, 0.03739726778599428, 0.037550138021618, 0.05364601954507738, 0.04714213492153642, 0.0307847432882394, 0.03727024049388703, 0.03815092964181292, 0.04719889088552426, 0.043412056258101864, 0.05376862693610356, 0.036845615013736864, 0.04288311645560459, 0.04588049218727392, 0.05374127610541591, 0.053720082125795654, 0.06486049640234381, 0.05234916523860998, 0.048013212997446535, 0.06692685308757554, 0.06220737111295469, 0.060599496274349705, 0.055234916175517554, 0.05872188908241285, 0.06267439899028251], "val_f1_weighted": [7.568039035945348e-06, 7.227621858052008e-06, 7.204266588343357e-06, 7.203850901620819e-06, 0.0005534691075014653, 0.00251142092431598, 0.00549618002391938, 0.004506842691297487, 0.009704518150963001, 0.01072532912732305, 0.007126366475063468, 0.01024240204848971, 0.0165933267313875, 0.016573039810634262, 0.019933433700791457, 0.02741876003045581, 0.019819643528894117, 0.02187147181001636, 0.037071496764245364, 0.027332883698970294, 0.022230991642549568, 0.02549490137271906, 0.02864922841908546, 0.03534178931633817, 0.02990719254884217, 0.041206118327927865, 0.03214255145174971, 0.03395282770056859, 0.038932719929742794, 0.04358049566904104, 0.04252344124251171, 0.05408047944797275, 0.0466410345221009, 0.04199772632322255, 0.058236068779191845, 0.05607118004845092, 0.051763004596666835, 0.04852353997328937, 0.05186257809227012, 0.05939638683912468]}