{
  "Atelectasis": {
    "true_positives": 825,
    "true_negatives": 19618,
    "false_positives": 2699,
    "false_negatives": 2454,
    "total_samples": 25596,
    "sensitivity": 0.2516010978956999,
    "specificity": 0.8790608056638437,
    "precision": 0.2341089670828604,
    "npv": 0.8888184124682856,
    "f1_score": 0.24254005585770982,
    "accuracy": 0.7986794811689326,
    "fpr": 0.1209391943361563,
    "fnr": 0.7483989021043
  },
  "Consolidation": {
    "true_positives": 187,
    "true_negatives": 22426,
    "false_positives": 1355,
    "false_negatives": 1628,
    "total_samples": 25596,
    "sensitivity": 0.10303030303030303,
    "specificity": 0.9430217400445734,
    "precision": 0.12127107652399481,
    "npv": 0.9323189490313462,
    "f1_score": 0.11140899612749477,
    "accuracy": 0.8834583528676355,
    "fpr": 0.0569782599554266,
    "fnr": 0.896969696969697
  },
  "Infiltration": {
    "true_positives": 2343,
    "true_negatives": 14318,
    "false_positives": 5166,
    "false_negatives": 3769,
    "total_samples": 25596,
    "sensitivity": 0.38334424083769636,
    "specificity": 0.7348593717922398,
    "precision": 0.3120255693168198,
    "npv": 0.791618289379112,
    "f1_score": 0.34402760443432934,
    "accuracy": 0.650922019065479,
    "fpr": 0.2651406282077602,
    "fnr": 0.6166557591623036
  },
  "Pneumothorax": {
    "true_positives": 668,
    "true_negatives": 21843,
    "false_positives": 1088,
    "false_negatives": 1997,
    "total_samples": 25596,
    "sensitivity": 0.25065666041275797,
    "specificity": 0.9525533121102437,
    "precision": 0.3804100227790433,
    "npv": 0.9162332214765101,
    "f1_score": 0.30219407373897306,
    "accuracy": 0.8794733552117519,
    "fpr": 0.04744668788975623,
    "fnr": 0.749343339587242
  },
  "Edema": {
    "true_positives": 153,
    "true_negatives": 23892,
    "false_positives": 779,
    "false_negatives": 772,
    "total_samples": 25596,
    "sensitivity": 0.1654054054054054,
    "specificity": 0.9684244659721941,
    "precision": 0.16416309012875535,
    "npv": 0.9686993188452806,
    "f1_score": 0.16478190630048464,
    "accuracy": 0.9394045944678856,
    "fpr": 0.03157553402780593,
    "fnr": 0.8345945945945946
  },
  "Emphysema": {
    "true_positives": 221,
    "true_negatives": 23983,
    "false_positives": 520,
    "false_negatives": 872,
    "total_samples": 25596,
    "sensitivity": 0.20219579139981703,
    "specificity": 0.9787781088030038,
    "precision": 0.2982456140350877,
    "npv": 0.9649165157915912,
    "f1_score": 0.24100327153762272,
    "accuracy": 0.9456165025785279,
    "fpr": 0.021221891196996287,
    "fnr": 0.797804208600183
  },
  "Fibrosis": {
    "true_positives": 12,
    "true_negatives": 24986,
    "false_positives": 175,
    "false_negatives": 423,
    "total_samples": 25596,
    "sensitivity": 0.027586206896551724,
    "specificity": 0.9930447915424665,
    "precision": 0.06417112299465241,
    "npv": 0.9833523554645992,
    "f1_score": 0.03858520900321544,
    "accuracy": 0.9766369745272699,
    "fpr": 0.006955208457533484,
    "fnr": 0.9724137931034482
  },
  "Effusion": {
    "true_positives": 1937,
    "true_negatives": 17910,
    "false_positives": 3028,
    "false_negatives": 2721,
    "total_samples": 25596,
    "sensitivity": 0.4158437097466724,
    "specificity": 0.855382558028465,
    "precision": 0.3901309164149043,
    "npv": 0.8681110949541951,
    "f1_score": 0.402577158890159,
    "accuracy": 0.7753945929051415,
    "fpr": 0.144617441971535,
    "fnr": 0.5841562902533276
  },
  "Pneumonia": {
    "true_positives": 13,
    "true_negatives": 24760,
    "false_positives": 281,
    "false_negatives": 542,
    "total_samples": 25596,
    "sensitivity": 0.023423423423423424,
    "specificity": 0.9887784034183938,
    "precision": 0.04421768707482993,
    "npv": 0.9785787684768003,
    "f1_score": 0.03062426383981154,
    "accuracy": 0.967846538521644,
    "fpr": 0.011221596581606166,
    "fnr": 0.9765765765765766
  },
  "Pleural_Thickening": {
    "true_positives": 79,
    "true_negatives": 23896,
    "false_positives": 557,
    "false_negatives": 1064,
    "total_samples": 25596,
    "sensitivity": 0.06911636045494313,
    "specificity": 0.9772216088005562,
    "precision": 0.12421383647798742,
    "npv": 0.9573717948717949,
    "f1_score": 0.08881394041596401,
    "accuracy": 0.9366697921550242,
    "fpr": 0.02277839119944383,
    "fnr": 0.9308836395450568
  },
  "Cardiomegaly": {
    "true_positives": 220,
    "true_negatives": 24086,
    "false_positives": 441,
    "false_negatives": 849,
    "total_samples": 25596,
    "sensitivity": 0.205799812909261,
    "specificity": 0.9820198148978676,
    "precision": 0.3328290468986384,
    "npv": 0.9659514738319631,
    "f1_score": 0.2543352601156069,
    "accuracy": 0.9496015002344116,
    "fpr": 0.017980185102132343,
    "fnr": 0.794200187090739
  },
  "Nodule": {
    "true_positives": 116,
    "true_negatives": 23165,
    "false_positives": 808,
    "false_negatives": 1507,
    "total_samples": 25596,
    "sensitivity": 0.07147258163894023,
    "specificity": 0.9662954156759688,
    "precision": 0.12554112554112554,
    "npv": 0.9389186121919585,
    "f1_score": 0.09108755398508048,
    "accuracy": 0.9095561806532271,
    "fpr": 0.0337045843240312,
    "fnr": 0.9285274183610598
  },
  "Mass": {
    "true_positives": 205,
    "true_negatives": 22969,
    "false_positives": 879,
    "false_negatives": 1543,
    "total_samples": 25596,
    "sensitivity": 0.11727688787185354,
    "specificity": 0.9631415632338142,
    "precision": 0.18911439114391143,
    "npv": 0.9370512402088773,
    "f1_score": 0.144774011299435,
    "accuracy": 0.905375839974996,
    "fpr": 0.036858436766185845,
    "fnr": 0.8827231121281465
  },
  "Hernia": {
    "true_positives": 2,
    "true_negatives": 25499,
    "false_positives": 11,
    "false_negatives": 84,
    "total_samples": 25596,
    "sensitivity": 0.023255813953488372,
    "specificity": 0.9995687965503725,
    "precision": 0.15384615384615385,
    "npv": 0.9967165695969981,
    "f1_score": 0.04040404040404041,
    "accuracy": 0.9962884825754024,
    "fpr": 0.00043120344962759705,
    "fnr": 0.9767441860465116
  }
}