{
  "epoch": 80,
  "best_epoch": 37,
  "train_loss": [
    1.2492983023913202,
    1.2073204012763257,
    1.1935503051759135,
    1.1887953541690894,
    1.198610608161267,
    1.1856404356727317,
    1.179062460905523,
    1.1757328370637683,
    1.1757647208387443,
    1.1709376468620987,
    1.1653266610808382,
    1.218214667025203,
    1.1621597178431844,
    1.1182998075337596,
    1.0666016889753271,
    1.0299011540501042,
    0.9659704949686135,
    0.9073532802395371,
    0.8432448433639822,
    0.7725020289806693,
    0.7242989977219189,
    0.6585160253118455,
    0.60189073527311,
    0.5592023836045962,
    0.5168029224145434,
    0.47413316564617225,
    0.44849402142099887,
    0.4318122063279703,
    0.3826941418187786,
    0.37527847482845217,
    0.2975185729301571,
    0.2534977169139328,
    0.23658605669100052,
    0.2185663303460189,
    0.19851325005086315,
    0.18725470823275403,
    0.173800994994983,
    0.17001547795236663,
    0.15736369197489264,
    0.148765987477329,
    0.14406268513467088,
    0.11941985229233387,
    0.10469253726523928,
    0.0963094215754027,
    0.0981640698587911,
    0.08182892014570328,
    0.07223990075668929,
    0.07199049382702949,
    0.06464009013891138,
    0.05837447517215792,
    0.055424320106971285,
    0.05358686521150131,
    0.07126786265403459,
    0.04818268836038652,
    0.04704091908683907,
    0.04574089841065023,
    0.045654585980939334,
    0.04689764844162421,
    0.05728435937217101,
    0.042231788028585904,
    0.046123784073316895,
    0.04185714618717759,
    0.044327950960218,
    0.040763736811385606,
    0.04030896801339693,
    0.04064198540241325,
    0.040087489383260747,
    0.09454620194874443,
    0.04264648596268981,
    0.04536123780745414,
    0.03993639866511601,
    0.040575853659979684,
    0.04086689416159034,
    0.03993435777153978,
    0.044574912391730385,
    0.0398709822898858,
    0.03956949758574077,
    0.03896680831618249,
    0.03966254422909368,
    0.03965496853580991
  ],
  "train_acc": [
    0.6017588376998901,
    0.6374952793121338,
    0.6411678791046143,
    0.6464895009994507,
    0.6450252532958984,
    0.6461520791053772,
    0.6488020420074463,
    0.6501827239990234,
    0.6496678590774536,
    0.6525912284851074,
    0.6527130603790283,
    0.641112208366394,
    0.6598333120346069,
    0.6739860773086548,
    0.6928929090499878,
    0.7028096914291382,
    0.7280381321907043,
    0.7452423572540283,
    0.7668827772140503,
    0.7861714363098145,
    0.8015192151069641,
    0.8173375129699707,
    0.8353053331375122,
    0.8467214703559875,
    0.8591458201408386,
    0.870646595954895,
    0.879771888256073,
    0.8841843605041504,
    0.8970803022384644,
    0.9002420902252197,
    0.9192913770675659,
    0.9309004545211792,
    0.9376512765884399,
    0.941182553768158,
    0.9475701451301575,
    0.9498929977416992,
    0.953299343585968,
    0.9561619162559509,
    0.9583278894424438,
    0.960913896560669,
    0.9626103639602661,
    0.9690598845481873,
    0.9726086854934692,
    0.9753990173339844,
    0.9770335555076599,
    0.9800839424133301,
    0.9819269180297852,
    0.9829464554786682,
    0.9840196371078491,
    0.9854478240013123,
    0.9863806962966919,
    0.986771821975708,
    0.9874827861785889,
    0.9881907105445862,
    0.988437294960022,
    0.9889305830001831,
    0.9891080856323242,
    0.9894548058509827,
    0.9895167350769043,
    0.9897499084472656,
    0.9900151491165161,
    0.9901049137115479,
    0.9899635314941406,
    0.9901173114776611,
    0.9902896285057068,
    0.9901915788650513,
    0.9903350472450256,
    0.9903216361999512,
    0.9904537200927734,
    0.9904464483261108,
    0.9904671311378479,
    0.9904351234436035,
    0.9905496835708618,
    0.9904990792274475,
    0.9906837940216064,
    0.9904743432998657,
    0.9905093908309937,
    0.9906497597694397,
    0.990439236164093,
    0.9904712438583374
  ],
  "train_f1_macro": [
    0.1127640771644007,
    0.12146125248300213,
    0.12313441114896022,
    0.12333331271697413,
    0.12351640229148134,
    0.12360958188683613,
    0.12452655099748743,
    0.12426008223084603,
    0.12455485045134397,
    0.1249403985101252,
    0.12534634470836534,
    0.1231453178276765,
    0.13283362028725695,
    0.1383988078822931,
    0.14618751301744098,
    0.15081299801280493,
    0.16224926008172394,
    0.17308610574309605,
    0.18841676643247365,
    0.20509737360486954,
    0.22176407482334975,
    0.24453536644783444,
    0.2824809701697683,
    0.3047105039482866,
    0.32925390702836993,
    0.36412112790521084,
    0.3850391007901727,
    0.39446750940942354,
    0.44974528006420594,
    0.4623244423113381,
    0.5455080667031954,
    0.6236192788922088,
    0.6640804286249734,
    0.6707606872520367,
    0.7178183674271174,
    0.7238094565473786,
    0.7400370438477418,
    0.7485623076441215,
    0.7552566086201098,
    0.77394085641372,
    0.773094262395096,
    0.8206851824609532,
    0.8450642720677407,
    0.8671346982498054,
    0.8735703486882704,
    0.8905924152339502,
    0.9042895701463529,
    0.9073643504314697,
    0.913708473488284,
    0.9216719510892292,
    0.9288826046131311,
    0.9304080849561079,
    0.9346824359064129,
    0.9386275612130871,
    0.9412110337601768,
    0.942200282597316,
    0.9435242459594185,
    0.9467081853413299,
    0.945848547318669,
    0.9468010236723546,
    0.9482306572959626,
    0.9488552243950187,
    0.9465503579747113,
    0.9483839751058053,
    0.9491225460749938,
    0.9496687496579621,
    0.949779530336956,
    0.949345610280207,
    0.9507277898909676,
    0.9511228226547432,
    0.9492274530899375,
    0.9497048669670044,
    0.9506722198514567,
    0.9495528461882659,
    0.9518385666679018,
    0.9497439343060421,
    0.9497323499781949,
    0.9501555194749169,
    0.9502988092573769,
    0.9503455370772339
  ],
  "train_f1_weighted": [
    0.19843052127234095,
    0.209127050186355,
    0.2104400408723867,
    0.210668082350586,
    0.2106242876968753,
    0.2101453661257612,
    0.21176542180778538,
    0.21139916549031318,
    0.21124540205408504,
    0.21170387554705483,
    0.2121014098946108,
    0.2114797995214893,
    0.2239279174039252,
    0.23040057842920608,
    0.23897863577943848,
    0.24407774162621054,
    0.2538064875223946,
    0.2616787181455553,
    0.2712854232177445,
    0.28136120766255057,
    0.29109063116978456,
    0.30413431580231987,
    0.3205106305155004,
    0.3333071125045554,
    0.3514465008110965,
    0.36932069638932324,
    0.3862689945674125,
    0.3955690565540387,
    0.42392063075290887,
    0.43223498962283513,
    0.49119939632286996,
    0.5378655570110118,
    0.5680269621315006,
    0.5834736690531066,
    0.61691325168069,
    0.6277329187372609,
    0.6464370325570562,
    0.6614128896778507,
    0.6733304353302314,
    0.6890385394449714,
    0.6979728348570912,
    0.741157178101994,
    0.7670557405233707,
    0.7871982311556299,
    0.798094761697697,
    0.8215880100124632,
    0.8359702926864716,
    0.8438113818618688,
    0.8525852942831599,
    0.8638208230546164,
    0.8718155792144515,
    0.8749901355340896,
    0.8806217298836277,
    0.8869656111051512,
    0.8891605217274264,
    0.8928247037361874,
    0.8945547669802282,
    0.8975841252569144,
    0.8980115108825847,
    0.9000154534024634,
    0.902344210223612,
    0.9033738422345439,
    0.9017630167976212,
    0.9032888563915367,
    0.9046743343566543,
    0.9039726874949543,
    0.9052051284299253,
    0.9049457718159144,
    0.9061737207259144,
    0.9061977478528472,
    0.9061382510094592,
    0.905849928370744,
    0.9069263209969557,
    0.9063344224754304,
    0.9082230003098704,
    0.9062152477015193,
    0.906577698836216,
    0.9078257106799034,
    0.9057340552084268,
    0.9064457695937047
  ],