{
  "Atelectasis": {
    "true_positives": 2715,
    "true_negatives": 10640,
    "false_positives": 11677,
    "false_negatives": 564,
    "total_samples": 25596,
    "sensitivity": 0.827996340347667,
    "specificity": 0.4767665904915535,
    "precision": 0.18864647026125625,
    "npv": 0.9496608354159228,
    "f1_score": 0.3072831192349047,
    "accuracy": 0.5217612126894827,
    "fpr": 0.5232334095084464,
    "fnr": 0.17200365965233302,
    "auc": 0.7284598206034612,
    "auprc": 0.2742796112290731
  },
  "Consolidation": {
    "true_positives": 1705,
    "true_negatives": 7622,
    "false_positives": 16159,
    "false_negatives": 110,
    "total_samples": 25596,
    "sensitivity": 0.9393939393939394,
    "specificity": 0.32050796854631847,
    "precision": 0.09544334975369458,
    "npv": 0.9857734092084842,
    "f1_score": 0.1732811626607043,
    "accuracy": 0.3643928738865448,
    "fpr": 0.6794920314536815,
    "fnr": 0.06060606060606061,
    "auc": 0.7209436475145158,
    "auprc": 0.1385511814259587
  },
  "Infiltration": {
    "true_positives": 5311,
    "true_negatives": 6434,
    "false_positives": 13050,
    "false_negatives": 801,
    "total_samples": 25596,
    "sensitivity": 0.868946335078534,
    "specificity": 0.33021966741942105,
    "precision": 0.2892543979086106,
    "npv": 0.8892881824464409,
    "f1_score": 0.4340293384546234,
    "accuracy": 0.4588607594936709,
    "fpr": 0.6697803325805789,
    "fnr": 0.13105366492146597,
    "auc": 0.6903790613603213,
    "auprc": 0.3848280348566202
  },
  "Pneumothorax": {
    "true_positives": 2295,
    "true_negatives": 13015,
    "false_positives": 9916,
    "false_negatives": 370,
    "total_samples": 25596,
    "sensitivity": 0.8611632270168855,
    "specificity": 0.567572282063582,
    "precision": 0.18794529522561626,
    "npv": 0.9723571161748226,
    "f1_score": 0.3085506856681903,
    "accuracy": 0.5981403344272542,
    "fpr": 0.43242771793641793,
    "fnr": 0.13883677298311445,
    "auc": 0.7819479566033118,
    "auprc": 0.26806954398554456
  },
  "Edema": {
    "true_positives": 846,
    "true_negatives": 12831,
    "false_positives": 11840,
    "false_negatives": 79,
    "total_samples": 25596,
    "sensitivity": 0.9145945945945946,
    "specificity": 0.5200843095131936,
    "precision": 0.06668768721425193,
    "npv": 0.9938807126258714,
    "f1_score": 0.1243112188670928,
    "accuracy": 0.534341303328645,
    "fpr": 0.4799156904868064,
    "fnr": 0.08540540540540541,
    "auc": 0.8138162652945191,
    "auprc": 0.1260670460681534
  },
  "Emphysema": {
    "true_positives": 919,
    "true_negatives": 12903,
    "false_positives": 11600,
    "false_negatives": 174,
    "total_samples": 25596,
    "sensitivity": 0.8408051235132662,
    "specificity": 0.5265885809900829,
    "precision": 0.07340841920281173,
    "npv": 0.9866941959164947,
    "f1_score": 0.1350279165442257,
    "accuracy": 0.5400062509767151,
    "fpr": 0.4734114190099172,
    "fnr": 0.15919487648673375,
    "auc": 0.7419622497818386,
    "auprc": 0.09386785643629673
  },
  "Fibrosis": {
    "true_positives": 300,
    "true_negatives": 17868,
    "false_positives": 7293,
    "false_negatives": 135,
    "total_samples": 25596,
    "sensitivity": 0.6896551724137931,
    "specificity": 0.7101466555383331,
    "precision": 0.039510075069142635,
    "npv": 0.9925012497917014,
    "f1_score": 0.07473841554559044,
    "accuracy": 0.7097984060009377,
    "fpr": 0.2898533444616669,
    "fnr": 0.3103448275862069,
    "auc": 0.7667074614197215,
    "auprc": 0.056967786399079
  },
  "Effusion": {
    "true_positives": 4237,
    "true_negatives": 10282,
    "false_positives": 10656,
    "false_negatives": 421,
    "total_samples": 25596,
    "sensitivity": 0.9096178617432374,
    "specificity": 0.4910688699971344,
    "precision": 0.2844960719801249,
    "npv": 0.960665234046529,
    "f1_score": 0.43343051506316804,
    "accuracy": 0.5672370682919207,
    "fpr": 0.5089311300028656,
    "fnr": 0.09038213825676256,
    "auc": 0.7929512733437258,
    "auprc": 0.4353517565250879
  },
  "Pneumonia": {
    "true_positives": 492,
    "true_negatives": 7943,
    "false_positives": 17098,
    "false_negatives": 63,
    "total_samples": 25596,
    "sensitivity": 0.8864864864864865,
    "specificity": 0.3171997923405615,
    "precision": 0.027970437748720864,
    "npv": 0.9921309018236323,
    "f1_score": 0.05422981537613668,
    "accuracy": 0.32954367869979684,
    "fpr": 0.6828002076594385,
    "fnr": 0.11351351351351352,
    "auc": 0.6823429395611018,
    "auprc": 0.041798918425201975
  },
  "Pleural_Thickening": {
    "true_positives": 845,
    "true_negatives": 14883,
    "false_positives": 9570,
    "false_negatives": 298,
    "total_samples": 25596,
    "sensitivity": 0.7392825896762905,
    "specificity": 0.6086369770580297,
    "precision": 0.08113298127700432,
    "npv": 0.9803701995915948,
    "f1_score": 0.146219069043087,
    "accuracy": 0.6144710110954836,
    "fpr": 0.3913630229419703,
    "fnr": 0.26071741032370954,
    "auc": 0.7317078786204356,
    "auprc": 0.10275176973031372
  },
  "Cardiomegaly": {
    "true_positives": 877,
    "true_negatives": 19028,
    "false_positives": 5499,
    "false_negatives": 192,
    "total_samples": 25596,
    "sensitivity": 0.8203928905519177,
    "specificity": 0.7757981000530028,
    "precision": 0.1375470514429109,
    "npv": 0.9900104058272633,
    "f1_score": 0.23559435862995298,
    "accuracy": 0.7776605719643694,
    "fpr": 0.22420189994699719,
    "fnr": 0.1796071094480823,
    "auc": 0.8844348926402217,
    "auprc": 0.3338286628447151
  },
  "Nodule": {
    "true_positives": 1183,
    "true_negatives": 13707,
    "false_positives": 10266,
    "false_negatives": 440,
    "total_samples": 25596,
    "sensitivity": 0.7288971041281578,
    "specificity": 0.5717682392691779,
    "precision": 0.10332780155472093,
    "npv": 0.9688979995758819,
    "f1_score": 0.18099755201958384,
    "accuracy": 0.5817315205500859,
    "fpr": 0.4282317607308222,
    "fnr": 0.2711028958718423,
    "auc": 0.7127599572316144,
    "auprc": 0.17218051270528456
  },
  "Mass": {
    "true_positives": 1364,
    "true_negatives": 15048,
    "false_positives": 8800,
    "false_negatives": 384,
    "total_samples": 25596,
    "sensitivity": 0.7803203661327232,
    "specificity": 0.6309963099630996,
    "precision": 0.1341991341991342,
    "npv": 0.9751166407465007,
    "f1_score": 0.22901276024177303,
    "accuracy": 0.6411939365525864,
    "fpr": 0.36900369003690037,
    "fnr": 0.21967963386727687,
    "auc": 0.7839621857577012,
    "auprc": 0.2601370629701032
  },
  "Hernia": {
    "true_positives": 61,
    "true_negatives": 24233,
    "false_positives": 1277,
    "false_negatives": 25,
    "total_samples": 25596,
    "sensitivity": 0.7093023255813954,
    "specificity": 0.9499411995295962,
    "precision": 0.045590433482810166,
    "npv": 0.9989694121526919,
    "f1_score": 0.08567415730337079,
    "accuracy": 0.9491326769807783,
    "fpr": 0.050058800470403765,
    "fnr": 0.29069767441860467,
    "auc": 0.9339214899765709,
    "auprc": 0.39172978179351764
  }
}