{
  "epoch": 2,
  "best_epoch": 2,
  "train_loss": [
    1.1208290136290124,
    0.9940137056678588
  ],
  "train_acc": [
    0.7200510501861572,
    0.736066460609436
  ],
  "train_f1_macro": [
    0.15429572106999961,
    0.17128445057141875
  ],
  "train_f1_weighted": [
    0.25202577582428254,
    0.2706467929314314
  ],
  "train_auc_macro": [
    0.7626146371325808,
    0.8057499364971641
  ],
  "train_auc_weighted": [
    0.7401310679148089,
    0.7759345117340442
  ],
  "train_auprc_macro": [
    0.13590807289632284,
    0.18907596180427982
  ],
  "train_auprc_weighted": [
    0.21444364952126685,
    0.25588095518555415
  ],
  "val_loss": [
    1.0137965291352897,
    0.9820919401544299
  ],
  "val_acc": [
    0.7181532979011536,
    0.7517852187156677
  ],
  "val_f1_macro": [
    0.16628633553530245,
    0.17823756647143094
  ],
  "val_f1_weighted": [
    0.2650989296807985,
    0.2775304669479862
  ],
  "val_auc_macro": [
    0.7989386964951901,
    0.8094127213543777
  ],
  "val_auc_weighted": [
    0.7728103701441531,
    0.7813811066352913
  ],
  "val_auprc_macro": [
    0.19459390976836582,
    0.20772328264509346
  ],
  "val_auprc_weighted": [
    0.2548642618083113,
    0.2666104141675624
  ]
}