{
  "Atelectasis": {
    "true_positives": 1783,
    "true_negatives": 15947,
    "false_positives": 6370,
    "false_negatives": 1496,
    "total_samples": 25596,
    "sensitivity": 0.5437633424824642,
    "specificity": 0.714567370166241,
    "precision": 0.2186925058260763,
    "npv": 0.9142349366508055,
    "f1_score": 0.3119314205738279,
    "accuracy": 0.6926863572433193,
    "fpr": 0.285432629833759,
    "fnr": 0.45623665751753584
  },
  "Consolidation": {
    "true_positives": 521,
    "true_negatives": 20015,
    "false_positives": 3766,
    "false_negatives": 1294,
    "total_samples": 25596,
    "sensitivity": 0.28705234159779613,
    "specificity": 0.8416382826626299,
    "precision": 0.12153020760438535,
    "npv": 0.9392744849594068,
    "f1_score": 0.1707636840380203,
    "accuracy": 0.8023128613845913,
    "fpr": 0.15836171733737017,
    "fnr": 0.7129476584022039
  },
  "Infiltration": {
    "true_positives": 4600,
    "true_negatives": 8518,
    "false_positives": 10966,
    "false_negatives": 1512,
    "total_samples": 25596,
    "sensitivity": 0.7526178010471204,
    "specificity": 0.43717922397864917,
    "precision": 0.29551586791725554,
    "npv": 0.8492522432701894,
    "f1_score": 0.42439339422455946,
    "accuracy": 0.5125019534302234,
    "fpr": 0.5628207760213508,
    "fnr": 0.24738219895287958
  },
  "Pneumothorax": {
    "true_positives": 1088,
    "true_negatives": 20552,
    "false_positives": 2379,
    "false_negatives": 1577,
    "total_samples": 25596,
    "sensitivity": 0.40825515947467167,
    "specificity": 0.8962539793292922,
    "precision": 0.3138159792327661,
    "npv": 0.9287360477201861,
    "f1_score": 0.3548597521200261,
    "accuracy": 0.8454446007188623,
    "fpr": 0.10374602067070778,
    "fnr": 0.5917448405253283
  },
  "Edema": {
    "true_positives": 338,
    "true_negatives": 22514,
    "false_positives": 2157,
    "false_negatives": 587,
    "total_samples": 25596,
    "sensitivity": 0.3654054054054054,
    "specificity": 0.9125694134814154,
    "precision": 0.13547094188376754,
    "npv": 0.974589844595472,
    "f1_score": 0.1976608187134503,
    "accuracy": 0.8927957493358337,
    "fpr": 0.08743058651858457,
    "fnr": 0.6345945945945946
  },
  "Emphysema": {
    "true_positives": 424,
    "true_negatives": 22648,
    "false_positives": 1855,
    "false_negatives": 669,
    "total_samples": 25596,
    "sensitivity": 0.3879231473010064,
    "specificity": 0.9242949842876382,
    "precision": 0.18604651162790697,
    "npv": 0.9713084873697302,
    "f1_score": 0.2514827995255042,
    "accuracy": 0.9013908423191124,
    "fpr": 0.07570501571236175,
    "fnr": 0.6120768526989936
  },
  "Fibrosis": {
    "true_positives": 76,
    "true_negatives": 23837,
    "false_positives": 1324,
    "false_negatives": 359,
    "total_samples": 25596,
    "sensitivity": 0.17471264367816092,
    "specificity": 0.9473788800127181,
    "precision": 0.054285714285714284,
    "npv": 0.9851628368325342,
    "f1_score": 0.08283378746594006,
    "accuracy": 0.9342475386779184,
    "fpr": 0.0526211199872819,
    "fnr": 0.825287356321839
  },
  "Effusion": {
    "true_positives": 3421,
    "true_negatives": 13389,
    "false_positives": 7549,
    "false_negatives": 1237,
    "total_samples": 25596,
    "sensitivity": 0.7344353799914126,
    "specificity": 0.6394593561944789,
    "precision": 0.31185050136736553,
    "npv": 0.9154245863530699,
    "f1_score": 0.4378039416432045,
    "accuracy": 0.6567432411314268,
    "fpr": 0.3605406438055211,
    "fnr": 0.2655646200085874
  },
  "Pneumonia": {
    "true_positives": 80,
    "true_negatives": 23049,
    "false_positives": 1992,
    "false_negatives": 475,
    "total_samples": 25596,
    "sensitivity": 0.14414414414414414,
    "specificity": 0.9204504612435606,
    "precision": 0.03861003861003861,
    "npv": 0.9798078558068356,
    "f1_score": 0.06090597639893414,
    "accuracy": 0.9036177527738709,
    "fpr": 0.07954953875643944,
    "fnr": 0.8558558558558559
  },
  "Pleural_thickening": {
    "true_positives": 0,
    "true_negatives": 25596,
    "false_positives": 0,
    "false_negatives": 0,
    "total_samples": 25596,
    "sensitivity": 0.0,
    "specificity": 1.0,
    "precision": 0.0,
    "npv": 1.0,
    "f1_score": 0.0,
    "accuracy": 1.0,
    "fpr": 0.0,
    "fnr": 0.0
  },
  "Cardiomegaly": {
    "true_positives": 450,
    "true_negatives": 23047,
    "false_positives": 1480,
    "false_negatives": 619,
    "total_samples": 25596,
    "sensitivity": 0.42095416276894293,
    "specificity": 0.9396583357116647,
    "precision": 0.23316062176165803,
    "npv": 0.9738443336432012,
    "f1_score": 0.3001000333444481,
    "accuracy": 0.9179949992186279,
    "fpr": 0.0603416642883353,
    "fnr": 0.5790458372310571
  },
  "Nodule": {
    "true_positives": 476,
    "true_negatives": 19807,
    "false_positives": 4166,
    "false_negatives": 1147,
    "total_samples": 25596,
    "sensitivity": 0.2932840418977203,
    "specificity": 0.8262211654778292,
    "precision": 0.1025420077552779,
    "npv": 0.9452610480099265,
    "f1_score": 0.15195530726256984,
    "accuracy": 0.792428504453821,
    "fpr": 0.17377883452217077,
    "fnr": 0.7067159581022797
  },
  "Mass": {
    "true_positives": 551,
    "true_negatives": 21162,
    "false_positives": 2686,
    "false_negatives": 1197,
    "total_samples": 25596,
    "sensitivity": 0.31521739130434784,
    "specificity": 0.887370010063737,
    "precision": 0.1702193388940377,
    "npv": 0.9464645109351939,
    "f1_score": 0.22106318956870616,
    "accuracy": 0.848296608845132,
    "fpr": 0.112629989936263,
    "fnr": 0.6847826086956522
  },
  "Hernia": {
    "true_positives": 11,
    "true_negatives": 25460,
    "false_positives": 50,
    "false_negatives": 75,
    "total_samples": 25596,
    "sensitivity": 0.12790697674418605,
    "specificity": 0.9980399843198745,
    "precision": 0.18032786885245902,
    "npv": 0.9970628549050323,
    "f1_score": 0.14965986394557823,
    "accuracy": 0.995116424441319,
    "fpr": 0.001960015680125441,
    "fnr": 0.872093023255814
  }
}