{
    "train_loss": [
        1.1564504635587418,
        1.0288683176866962,
        0.9492831708873707,
        0.8821475834701066,
        0.8127993883465222,
        0.7451238805452248,
        0.6709194982668829,
        0.5975482249408685,
        0.5468472158071515,
        0.4997466127500076,
        0.4623855931646502,
        0.4317905349095736,
        0.40170843371787485,
        0.36166166034208647,
        0.34670777687055787,
        0.32232954382703616,
        0.30478635053675407,
        0.28993260708263974,
        0.26754323929865015,
        0.2591782344811615
    ],
    "train_acc": [
        0.5631164312362671,
        0.6730790138244629,
        0.725524365901947,
        0.7529734820127487,
        0.7769749462604523,
        0.7948601990938187,
        0.8164191097021103,
        0.8363630473613739,
        0.8524300754070282,
        0.864019587635994,
        0.8753975480794907,
        0.8830946534872055,
        0.8921373784542084,
        0.902591772377491,
        0.9075305536389351,
        0.91362714022398,
        0.9187268987298012,
        0.9245778918266296,
        0.9290615916252136,
        0.9322657063603401
    ],
    "val_loss": [
        1.1197734275719153,
        1.0340950589303388, NaN, NaN,
        1.0652908889952075,
        1.1291305943359509, NaN,
        1.3082643070855555,
        1.5773834231380173,
        1.6356637499909745,
        1.8357494954921842,
        2.03165767819736,
        2.0662473444026412,
        2.269885537915221,
        2.4264691862623704,
        2.603617949703925,
        2.6668614544070803,
        2.7327066533777056,
        2.8114649603305155,
        2.9966330126671608
    ],
    "val_acc": [
        0.5771453380584717,
        0.6853180229663849,
        0.7092747688293457,
        0.7541214376688004,
        0.7581252306699753,
        0.7861848324537277,
        0.7865893393754959,
        0.8140793293714523,
        0.8302885144948959,
        0.8275023698806763,
        0.8528872728347778,
        0.861518144607544,
        0.8640937805175781,
        0.8657407015562057,
        0.8823378905653954,
        0.8814339339733124,
        0.8891319632530212,
        0.8901762515306473,
        0.8860362395644188,
        0.8926156759262085
    ]
}