{
  "Atelectasis": {
    "true_positives": 0,
    "true_negatives": 22317,
    "false_positives": 0,
    "false_negatives": 3279,
    "total_samples": 25596,
    "sensitivity": 0.0,
    "specificity": 1.0,
    "precision": 0.0,
    "npv": 0.8718940459446789,
    "f1_score": 0.0,
    "accuracy": 0.8718940459446789,
    "fpr": 0.0,
    "fnr": 1.0
  },
  "Consolidation": {
    "true_positives": 0,
    "true_negatives": 23781,
    "false_positives": 0,
    "false_negatives": 1815,
    "total_samples": 25596,
    "sensitivity": 0.0,
    "specificity": 1.0,
    "precision": 0.0,
    "npv": 0.9290904828879513,
    "f1_score": 0.0,
    "accuracy": 0.9290904828879513,
    "fpr": 0.0,
    "fnr": 1.0
  },
  "Infiltration": {
    "true_positives": 0,
    "true_negatives": 19484,
    "false_positives": 0,
    "false_negatives": 6112,
    "total_samples": 25596,
    "sensitivity": 0.0,
    "specificity": 1.0,
    "precision": 0.0,
    "npv": 0.7612126894827317,
    "f1_score": 0.0,
    "accuracy": 0.7612126894827317,
    "fpr": 0.0,
    "fnr": 1.0
  },
  "Pneumothorax": {
    "true_positives": 2665,
    "true_negatives": 0,
    "false_positives": 22931,
    "false_negatives": 0,
    "total_samples": 25596,
    "sensitivity": 1.0,
    "specificity": 0.0,
    "precision": 0.10411783091107986,
    "npv": 0.0,
    "f1_score": 0.188599129542479,
    "accuracy": 0.10411783091107986,
    "fpr": 1.0,
    "fnr": 0.0
  },
  "Edema": {
    "true_positives": 925,
    "true_negatives": 0,
    "false_positives": 24671,
    "false_negatives": 0,
    "total_samples": 25596,
    "sensitivity": 1.0,
    "specificity": 0.0,
    "precision": 0.03613845913423973,
    "npv": 0.0,
    "f1_score": 0.069756042381509,
    "accuracy": 0.03613845913423973,
    "fpr": 1.0,
    "fnr": 0.0
  },
  "Emphysema": {
    "true_positives": 1093,
    "true_negatives": 0,
    "false_positives": 24503,
    "false_negatives": 0,
    "total_samples": 25596,
    "sensitivity": 1.0,
    "specificity": 0.0,
    "precision": 0.042701984685107046,
    "npv": 0.0,
    "f1_score": 0.08190640338716325,
    "accuracy": 0.042701984685107046,
    "fpr": 1.0,
    "fnr": 0.0
  },
  "Fibrosis": {
    "true_positives": 435,
    "true_negatives": 0,
    "false_positives": 25161,
    "false_negatives": 0,
    "total_samples": 25596,
    "sensitivity": 1.0,
    "specificity": 0.0,
    "precision": 0.016994842944210033,
    "npv": 0.0,
    "f1_score": 0.03342168952402905,
    "accuracy": 0.016994842944210033,
    "fpr": 1.0,
    "fnr": 0.0
  },
  "Effusion": {
    "true_positives": 4658,
    "true_negatives": 0,
    "false_positives": 20938,
    "false_negatives": 0,
    "total_samples": 25596,
    "sensitivity": 1.0,
    "specificity": 0.0,
    "precision": 0.18198155961869042,
    "npv": 0.0,
    "f1_score": 0.3079262246314537,
    "accuracy": 0.18198155961869042,
    "fpr": 1.0,
    "fnr": 0.0
  },
  "Pneumonia": {
    "true_positives": 555,
    "true_negatives": 0,
    "false_positives": 25041,
    "false_negatives": 0,
    "total_samples": 25596,
    "sensitivity": 1.0,
    "specificity": 0.0,
    "precision": 0.021683075480543833,
    "npv": 0.0,
    "f1_score": 0.04244579557187105,
    "accuracy": 0.021683075480543833,
    "fpr": 1.0,
    "fnr": 0.0
  },
  "Pleural_Thickening": {
    "true_positives": 1143,
    "true_negatives": 0,
    "false_positives": 24453,
    "false_negatives": 0,
    "total_samples": 25596,
    "sensitivity": 1.0,
    "specificity": 0.0,
    "precision": 0.044655414908579466,
    "npv": 0.0,
    "f1_score": 0.0854930999663413,
    "accuracy": 0.044655414908579466,
    "fpr": 1.0,
    "fnr": 0.0
  },
  "Cardiomegaly": {
    "true_positives": 1069,
    "true_negatives": 0,
    "false_positives": 24527,
    "false_negatives": 0,
    "total_samples": 25596,
    "sensitivity": 1.0,
    "specificity": 0.0,
    "precision": 0.04176433817784029,
    "npv": 0.0,
    "f1_score": 0.08018001125070318,
    "accuracy": 0.04176433817784029,
    "fpr": 1.0,
    "fnr": 0.0
  },
  "Nodule": {
    "true_positives": 0,
    "true_negatives": 23973,
    "false_positives": 0,
    "false_negatives": 1623,
    "total_samples": 25596,
    "sensitivity": 0.0,
    "specificity": 1.0,
    "precision": 0.0,
    "npv": 0.9365916549460853,
    "f1_score": 0.0,
    "accuracy": 0.9365916549460853,
    "fpr": 0.0,
    "fnr": 1.0
  },
  "Mass": {
    "true_positives": 1748,
    "true_negatives": 0,
    "false_positives": 23848,
    "false_negatives": 0,
    "total_samples": 25596,
    "sensitivity": 1.0,
    "specificity": 0.0,
    "precision": 0.06829192061259572,
    "npv": 0.0,
    "f1_score": 0.1278525453481568,
    "accuracy": 0.06829192061259572,
    "fpr": 1.0,
    "fnr": 0.0
  },
  "Hernia": {
    "true_positives": 0,
    "true_negatives": 25510,
    "false_positives": 0,
    "false_negatives": 86,
    "total_samples": 25596,
    "sensitivity": 0.0,
    "specificity": 1.0,
    "precision": 0.0,
    "npv": 0.9966401000156274,
    "f1_score": 0.0,
    "accuracy": 0.9966401000156274,
    "fpr": 0.0,
    "fnr": 1.0
  }
}