{
  "epoch": 40,
  "best_epoch": 37,
  "train_loss": [
    1.122693573481054,
    0.9885250470719804,
    0.9435650082012421,
    0.9180890580642687,
    0.8890054172899939,
    0.8711736531663073,
    0.844897964910747,
    0.8238324811217305,
    0.8004354851495977,
    0.774875750809963,
    0.748608815623189,
    0.7205435952064951,
    0.6960303682744393,
    0.6703003087940035,
    0.6461535442668718,
    0.6272129209612302,
    0.605073132653774,
    0.5660082306747295,
    0.5460331460629726,
    0.5313691654812386,
    0.5168365047841769,
    0.5045690770483061,
    0.4937055407301996,
    0.48289345491285024,
    0.4733319615535507,
    0.4591639485423644,
    0.4483313408582136,
    0.43645586133994807,
    0.43160640993009214,
    0.42407508803851723,
    0.4101256845715196,
    0.39008324496902513,
    0.3827724311907058,
    0.3764943717505487,
    0.37115950635229816,
    0.36550695687367163,
    0.357711282109432,
    0.3565922026245299,
    0.39984392854703554,
    0.3423061277063188
  ],
  "train_acc": [
    0.7297883033752441,
    0.7360283136367798,
    0.7474361658096313,
    0.7569226622581482,
    0.7617251873016357,
    0.7655422687530518,
    0.7707411050796509,
    0.7763000726699829,
    0.7819374799728394,
    0.7873405814170837,
    0.7938231229782104,
    0.8017142415046692,
    0.8083773255348206,
    0.8137030601501465,
    0.8205426931381226,
    0.825095534324646,
    0.8313809633255005,
    0.8412038087844849,
    0.8467369675636292,
    0.8514477014541626,
    0.8552368879318237,
    0.8588249087333679,
    0.8618556261062622,
    0.8648781776428223,
    0.8679563403129578,
    0.8710448741912842,
    0.873926043510437,
    0.8767906427383423,
    0.8790258169174194,
    0.8811164498329163,
    0.8846982717514038,
    0.8897918462753296,
    0.8924211263656616,
    0.8938689231872559,
    0.8955313563346863,
    0.8975518941879272,
    0.8992297649383545,
    0.9011635780334473,
    0.9020748138427734,
    0.9037991166114807
  ],
  "train_f1_macro": [
    0.15442276124820076,
    0.17207356732066303,
    0.17998109906658005,
    0.1861108507022857,
    0.1934872285326385,
    0.19969140684821404,
    0.20610891410994361,
    0.21848937776036076,
    0.2275806957816879,
    0.23338598000733798,
    0.24297324848891663,
    0.2477086775541808,
    0.2617197468530156,
    0.2650583788999175,
    0.26789037233234514,
    0.27807109167391725,
    0.2837355772343198,
    0.3121025111230365,
    0.3312217417845114,
    0.3419707542780083,
    0.3547050146516006,
    0.3641440338209187,
    0.3718057069262562,
    0.37994279747877824,
    0.3915171574288386,
    0.4025873518504642,
    0.4064601689274956,
    0.4168203473621802,
    0.42254153485581825,
    0.42695078205896075,
    0.4455382495951086,
    0.4662386886896304,
    0.4759211605476138,
    0.47906875116741904,
    0.48645413749998095,
    0.49189390633089125,
    0.5033110550137316,
    0.5119706106013037,
    0.5136825966853101,
    0.5193818157882627
  ],
  "train_f1_weighted": [
    0.2507369063994523,
    0.27084802571360866,
    0.277323894088499,
    0.2819517577063705,
    0.2847585112386775,
    0.2857294167372278,
    0.2901063186949684,
    0.29293860186218074,
    0.2956571619296302,
    0.2980387353914188,
    0.3021482353571952,
    0.30644719266555953,
    0.3103766022765869,
    0.31357755396613163,
    0.31823239521235713,
    0.32200482586453644,
    0.3271803817035555,
    0.3374461784206683,
    0.34401290393885847,
    0.34849389646849926,
    0.354204713230384,
    0.35856045160912564,
    0.36236714108412865,
    0.3669971011078583,
    0.3726379861159722,
    0.37695296100966114,
    0.38250268043101504,
    0.3881368135437104,
    0.3927543132635143,
    0.39533537236576505,
    0.4042840144945259,
    0.4152902203269937,
    0.4208577192435101,
    0.42470216038297476,
    0.42846892575132384,
    0.4330878679269495,
    0.4377536583945325,
    0.4433911826105075,
    0.4450133039838882,
    0.45010571266171084
  ],
  "val_loss": [
    1.0167603177636477,
    0.989199376480857,
    0.9853291515942643,
    0.9992282189525209,
    1.0364421885357327,
    1.0463803140601478,
    1.075176802062724,
    1.1054917552995593,
    1.1615432826957068,
    1.1989536929923814,
    1.3160966308081656,
    1.2954750035144045,
    1.4546740235220261,
    1.4618805326287274,
    1.5601734628078017,
    1.510248335143775,
    1.6634006750892139,
    1.722640965154563,
    1.8434534492642514,
    1.8904298947170348,
    2.021323468184956,
    1.9999347144596678,
    2.2850961015317,
    2.1933002894995615,
    2.2934578156405148,
    2.44819401455234,
    2.514848009109938,
    2.528510676789857,
    2.5581073484447217,
    2.6060485037770156,
    2.6250980252369054,
    2.806863363646315,
    2.9675645275719726,
    2.984982882431827,
    3.18371325174894,
    3.1563616382326525,
    3.317765782836845,
    3.40062874343501,
    3.2274447795203343,
    3.4193741311207275
  ],
  "val_acc": [
    0.7307507991790771,
    0.758240818977356,
    0.7444710731506348,
    0.7550047636032104,
    0.7582325339317322,
    0.7477607727050781,
    0.7652825117111206,
    0.7826969623565674,
    0.7831221222877502,
    0.7879060506820679,
    0.8140050172805786,
    0.7843273878097534,
    0.8250299096107483,
    0.7969413995742798,
    0.8057085275650024,
    0.8068972826004028,
    0.8250629305839539,
    0.8231642246246338,
    0.8318817615509033,
    0.8276344537734985,
    0.838787317276001,
    0.8141123652458191,
    0.8551533222198486,
    0.8354315757751465,
    0.8462459444999695,
    0.8576629161834717,
    0.8562719225883484,
    0.8519007563591003,
    0.847769021987915,
    0.8537829518318176,
    0.8552358746528625,
    0.8641928434371948,
    0.8719692826271057,
    0.8699880242347717,
    0.8783753514289856,
    0.8738886117935181,
    0.8837495446205139,
    0.8847195506095886,
    0.8724893927574158,
    0.8827134966850281
  ],
  "val_f1_macro": [
    0.16441462886443142,
    0.17629138996968519,
    0.17703313459801492,
    0.18065441129847362,
    0.18378387698884366,
    0.1814438455089411,
    0.18968817113696876,
    0.2009146230685173,
    0.19952581809029774,
    0.19649571517800277,
    0.2061222573508506,
    0.20010505160942457,
    0.21123501580862505,
    0.20421291721520138,
    0.2074809213852016,
    0.20328470634108095,
    0.2096241983516678,
    0.2131003675314693,
    0.22225084647393795,
    0.21966835245198224,
    0.22939803248826762,
    0.21566355472638712,
    0.23346274196146674,
    0.2259610525101504,
    0.22822831142655026,
    0.2324775480015962,
    0.23500165749325547,
    0.2293637251606224,
    0.22631250874348718,
    0.22954363065276656,
    0.23498392965962817,
    0.23861428690796557,
    0.2427054219241706,
    0.2354170865185596,
    0.23764938101302677,
    0.24015101057936764,
    0.24660231862007817,
    0.24564586968764848,
    0.23877787340980985,
    0.24170136107666215
  ],
  "val_f1_weighted": [
    0.2690905164087557,
    0.28092443559576563,
    0.2789460868103865,
    0.28266448799644744,
    0.28389339796994906,
    0.2806917607312419,
    0.28360669036768754,
    0.29120465011337177,
    0.28859515274047337,
    0.29235389667715933,
    0.29250117405678605,
    0.283264034813353,
    0.29245048133601986,
    0.28455889324527234,
    0.28746261514832006,
    0.28604251822650406,
    0.2935092791201454,
    0.292242060694784,
    0.2939320058100484,
    0.2933101134149984,
    0.29668037414161474,
    0.2835933301689746,
    0.3001007079451976,
    0.292683379039127,
    0.2984081018072407,
    0.3006643158421511,
    0.30100082003675943,
    0.2944007257008617,
    0.29410702130570526,
    0.2946793521245274,
    0.30013731269037935,
    0.3006630717489525,
    0.30461788927269506,
    0.2990255861219467,
    0.3024279213244134,
    0.30190145797496293,
    0.3059722970652318,
    0.30606540267018095,
    0.30012830294042486,
    0.30393223958474935
  ]
}