{"train_loss": [0.5466186852502515, 0.43880908307576355, 0.41873875299602914, 0.3919431812675625, 0.37080240916192203, 0.3464754287001992, 0.3382428820053883, 0.3128139824673616, 0.2808744753203088, 0.2487078136704215, 0.22228321989795086, 0.18257828236190868, 0.16000688989438433, 0.14415422264768873, 0.13359778015332058, 0.11293347613531374, 0.10374132901698681, 0.09622764260320478, 0.09285887629103584, 0.08366629991219027, 0.08020029819007557, 0.0767372698960361, 0.08283105436299347, 0.07131910231308719, 0.06924929290789553, 0.06757552888461298, 0.06659029284836432, 0.06458053647500915, 0.06371353279847425, 0.06383399936661482, 0.0635204786346974, 0.06346210257654628, 0.06216264413772994, 0.06261767304197725, 0.060709343562952746, 0.060395238697253405, 0.06065953276834542, 0.06024876374720343, 0.0600017691168817, 0.06397102310799076], "train_acc": [0.8289910107851028, 0.8725391179323196, 0.8721160441637039, 0.8717259764671326, 0.8726309686899185, 0.8734286427497864, 0.8747164756059647, 0.876209668815136, 0.878298282623291, 0.8821112290024757, 0.8856476247310638, 0.892128087580204, 0.8972701579332352, 0.9013906195759773, 0.9044069200754166, 0.9100319296121597, 0.9124930575489998, 0.9153968840837479, 0.9175484403967857, 0.9205554649233818, 0.9218742549419403, 0.9234386533498764, 0.9250236824154854, 0.9261164888739586, 0.9275271221995354, 0.9283702075481415, 0.9290120601654053, 0.9296363741159439, 0.9300966113805771, 0.9307952225208282, 0.9312234669923782, 0.9313503950834274, 0.9316321089863777, 0.9318550005555153, 0.932151161134243, 0.9325494840741158, 0.9325598031282425, 0.9327053055167198, 0.9326237812638283, 0.932743489742279], "train_f1_macro": [0.09415966903344475, 0.13066577548969452, 0.1705596044117412, 0.21129048103087358, 0.24550777504549712, 0.2882291315558172, 0.3112151224734979, 0.3503696775371697, 0.398651273253896, 0.44994561495338586, 0.49411236519930746, 0.5692608582206758, 0.6167158524028437, 0.6504079734137452, 0.6755273584699005, 0.710087440094469, 0.7337257191859123, 0.747559755160952, 0.7601961387582332, 0.7763730316758357, 0.7861781784859178, 0.7929354239917356, 0.7989359575775216, 0.8057769469995238, 0.8096289152209143, 0.8142870010440589, 0.8168425498693096, 0.8205019311980333, 0.8234517495417139, 0.8242386135211405, 0.8256796845751218, 0.8275513032583403, 0.828440682252697, 0.8300011303815885, 0.8303582556533053, 0.8306854715796554, 0.8311487961311136, 0.8321172105127789, 0.8312127611689376, 0.8327677009127116], "train_f1_weighted": [0.17798772756898734, 0.21626941464775573, 0.24242112345827024, 0.25731373188093587, 0.27134831267611026, 0.28654914271214393, 0.2995488549193479, 0.3149224631933575, 0.33540394947933466, 0.3573075908214007, 0.3779370761438885, 0.416297229972535, 0.4424379299080215, 0.4644180638248582, 0.4827883505121093, 0.5103435879881412, 0.5266160158324311, 0.5391964061727199, 0.550671483006873, 0.5664365418493965, 0.574702005143634, 0.5825049754198104, 0.5890857266756869, 0.5964045680369933, 0.6012997812391447, 0.6057657097338044, 0.6091041305387793, 0.6128185294432675, 0.6159998638772933, 0.6177884045961792, 0.6199169423204602, 0.6220983784177115, 0.6225963770953198, 0.6243611652034063, 0.6250219554095496, 0.6266918424773894, 0.6266218231245619, 0.6276811525986384, 0.6267095095620676, 0.6282241087462933], "val_loss": [0.4791453629181257, 0.426877904428572, NaN, NaN, NaN, NaN, NaN, NaN, NaN, NaN, 1.1898434010236187, 7.0079636523524185, NaN, 2.683319882343415, 1.9814614238640957, 1.7362601821088748, 1.1555379011742288, 1.301543951860858, 1.3854320859484883, 1.4784651898990717, 1.4809333421909654, 1.3447582074983282, 1.6667763360133894, 1.3807634087399943, 1.9775476880137448, 1.4627161080124418, 9.404567994480322, 1.4391740330265983, 1.3843746026650814, 1.7982912192503318, 1.9039334437901123, 1.6684412305103873, 1.4733427108408343, 2.369640336693876, 1.850768390072031, 1.5035591936651307, 4.523788883042644, 2.0370916308156883, 2.008775361226579, 3.3823552087445137], "val_acc": [0.8700994700193405, 0.865534320473671, 0.8456144034862518, 0.8732942640781403, 0.8643992245197296, 0.8465059697628021, 0.8819251284003258, 0.8597102463245392, 0.8491517752408981, 0.8606554716825485, 0.8808189183473587, 0.8858174756169319, 0.8727122694253922, 0.8722912520170212, 0.8918727040290833, 0.8818467035889626, 0.8857803270220757, 0.8854542449116707, 0.8921822756528854, 0.8881330713629723, 0.8947868049144745, 0.8941428959369659, 0.8915342390537262, 0.8936971127986908, 0.8913030922412872, 0.8956907615065575, 0.8969249203801155, 0.8954926356673241, 0.8969125375151634, 0.9002187624573708, 0.8972468748688698, 0.900012381374836, 0.8978742733597755, 0.9007553532719612, 0.8946505934000015, 0.8966359868645668, 0.8901721239089966, 0.9038428217172623, 0.8970776423811913, 0.9031658917665482], "val_f1_macro": [0.10361789134939023, 0.1374900155792613, 0.1681275761647189, 0.16455571670069571, 0.18734881644254325, 0.1715815682405623, 0.20752098600550392, 0.17563463001013466, 0.1784063646052658, 0.18726149330403244, 0.1889298751824527, 0.1852262623931728, 0.176261967751379, 0.1756563323689652, 0.17881947509889343, 0.18149964466452093, 0.18617343281846485, 0.1820861304745446, 0.18787557871348495, 0.18221639914798313, 0.18085342003788377, 0.17663247490708406, 0.17242434545537663, 0.1802015566670618, 0.1746505203009669, 0.17435192499884183, 0.16445632539954574, 0.17571938979865256, 0.17457506626988856, 0.17740974984182437, 0.1742671310847281, 0.17703367544788692, 0.17928102263185855, 0.1688655605178845, 0.17558898981587995, 0.17807404196775262, 0.1665584228317958, 0.17240330645230723, 0.17700627742794464, 0.16600247146703215], "val_f1_weighted": [0.1928102091974882, 0.2157923141597429, 0.23820674907059042, 0.24503414183804323, 0.26126090008262665, 0.24299629874600043, 0.2775034513540259, 0.25737004078917, 0.2574873398687342, 0.2646846728741599, 0.2707692091480291, 0.2739141595527772, 0.26234486258036455, 0.25840995372958986, 0.2667022466034436, 0.2627153887797881, 0.2638242420174967, 0.2618705312510426, 0.26722648064973487, 0.2639067443491844, 0.26614655736018905, 0.25870480415367725, 0.2591558890374197, 0.2634436836329334, 0.25834025149096973, 0.2624994234602439, 0.25745807662394243, 0.2589841677008487, 0.2596726370228426, 0.26251757768476297, 0.2595855114864571, 0.26246779188398245, 0.2627035019551848, 0.25705105142092216, 0.2574300183931277, 0.26062606432493196, 0.2533157625163411, 0.2613281260551367, 0.25973784050452026, 0.25993718970712415]}