{
  "Atelectasis": {
    "true_positives": 724,
    "true_negatives": 20378,
    "false_positives": 1939,
    "false_negatives": 2555,
    "total_samples": 25596,
    "sensitivity": 0.22079902409271118,
    "specificity": 0.9131155621275261,
    "precision": 0.27187382651145325,
    "npv": 0.8885884969258274,
    "f1_score": 0.24368899360484686,
    "accuracy": 0.8244256915142991,
    "fpr": 0.0868844378724739,
    "fnr": 0.7792009759072888,
    "auc": 0.677796202854478,
    "auprc": 0.22518152613571948
  },
  "Consolidation": {
    "true_positives": 156,
    "true_negatives": 22811,
    "false_positives": 970,
    "false_negatives": 1659,
    "total_samples": 25596,
    "sensitivity": 0.0859504132231405,
    "specificity": 0.9592111349396577,
    "precision": 0.13854351687388988,
    "npv": 0.9322026971802206,
    "f1_score": 0.1060863651819109,
    "accuracy": 0.8972886388498202,
    "fpr": 0.04078886506034229,
    "fnr": 0.9140495867768595,
    "auc": 0.6232424361740736,
    "auprc": 0.10686939616117377
  },
  "Infiltration": {
    "true_positives": 2254,
    "true_negatives": 15013,
    "false_positives": 4471,
    "false_negatives": 3858,
    "total_samples": 25596,
    "sensitivity": 0.368782722513089,
    "specificity": 0.7705296653664545,
    "precision": 0.33516728624535314,
    "npv": 0.7955593238302157,
    "f1_score": 0.35117239230349767,
    "accuracy": 0.6745975933739646,
    "fpr": 0.22947033463354546,
    "fnr": 0.631217277486911,
    "auc": 0.6128733438216456,
    "auprc": 0.3177258298948427
  },
  "Pneumothorax": {
    "true_positives": 624,
    "true_negatives": 22126,
    "false_positives": 805,
    "false_negatives": 2041,
    "total_samples": 25596,
    "sensitivity": 0.23414634146341465,
    "specificity": 0.9648946840521565,
    "precision": 0.4366689993002099,
    "npv": 0.9155459924690694,
    "f1_score": 0.3048363458720078,
    "accuracy": 0.8888107516799499,
    "fpr": 0.03510531594784353,
    "fnr": 0.7658536585365854,
    "auc": 0.7858208036295853,
    "auprc": 0.3220736787604072
  },
  "Edema": {
    "true_positives": 114,
    "true_negatives": 24146,
    "false_positives": 525,
    "false_negatives": 811,
    "total_samples": 25596,
    "sensitivity": 0.12324324324324325,
    "specificity": 0.9787199546025698,
    "precision": 0.1784037558685446,
    "npv": 0.9675041070641504,
    "f1_score": 0.14578005115089515,
    "accuracy": 0.947804344428817,
    "fpr": 0.02128004539743018,
    "fnr": 0.8767567567567568,
    "auc": 0.7525624899351137,
    "auprc": 0.11591053871458243
  },
  "Emphysema": {
    "true_positives": 244,
    "true_negatives": 24119,
    "false_positives": 384,
    "false_negatives": 849,
    "total_samples": 25596,
    "sensitivity": 0.2232387923147301,
    "specificity": 0.9843284495776028,
    "precision": 0.3885350318471338,
    "npv": 0.9659964754886254,
    "f1_score": 0.28355607205113303,
    "accuracy": 0.9518284106891702,
    "fpr": 0.01567155042239726,
    "fnr": 0.7767612076852699,
    "auc": 0.8058342016786861,
    "auprc": 0.2502176550517773
  },
  "Fibrosis": {
    "true_positives": 21,
    "true_negatives": 24983,
    "false_positives": 178,
    "false_negatives": 414,
    "total_samples": 25596,
    "sensitivity": 0.04827586206896552,
    "specificity": 0.9929255593974802,
    "precision": 0.10552763819095477,
    "npv": 0.9836988620703233,
    "f1_score": 0.06624605678233439,
    "accuracy": 0.9768713861540865,
    "fpr": 0.007074440602519772,
    "fnr": 0.9517241379310345,
    "auc": 0.6951400794972332,
    "auprc": 0.044112706357874655
  },
  "Effusion": {
    "true_positives": 1924,
    "true_negatives": 18330,
    "false_positives": 2608,
    "false_negatives": 2734,
    "total_samples": 25596,
    "sensitivity": 0.41305281236582225,
    "specificity": 0.8754417804947942,
    "precision": 0.4245366284201236,
    "npv": 0.8702050892518041,
    "f1_score": 0.4187159956474429,
    "accuracy": 0.7912955149242069,
    "fpr": 0.12455821950520585,
    "fnr": 0.5869471876341777,
    "auc": 0.7567310812872009,
    "auprc": 0.39593024275064653
  },
  "Pneumonia": {
    "true_positives": 7,
    "true_negatives": 24918,
    "false_positives": 123,
    "false_negatives": 548,
    "total_samples": 25596,
    "sensitivity": 0.012612612612612612,
    "specificity": 0.9950880555888343,
    "precision": 0.05384615384615385,
    "npv": 0.9784811120709966,
    "f1_score": 0.020437956204379566,
    "accuracy": 0.9737849664010002,
    "fpr": 0.004911944411165688,
    "fnr": 0.9873873873873874,
    "auc": 0.5997064633820355,
    "auprc": 0.03162226193329379
  },
  "Pleural_Thickening": {
    "true_positives": 104,
    "true_negatives": 23963,
    "false_positives": 490,
    "false_negatives": 1039,
    "total_samples": 25596,
    "sensitivity": 0.09098862642169729,
    "specificity": 0.9799615589089273,
    "precision": 0.1750841750841751,
    "npv": 0.9584433245340372,
    "f1_score": 0.11974668969487623,
    "accuracy": 0.9402641037662135,
    "fpr": 0.02003844109107267,
    "fnr": 0.9090113735783028,
    "auc": 0.6804764896352132,
    "auprc": 0.09896942698386127
  },
  "Cardiomegaly": {
    "true_positives": 276,
    "true_negatives": 24059,
    "false_positives": 468,
    "false_negatives": 793,
    "total_samples": 25596,
    "sensitivity": 0.25818521983161835,
    "specificity": 0.9809189872385534,
    "precision": 0.3709677419354839,
    "npv": 0.9680910993079028,
    "f1_score": 0.30446773303916164,
    "accuracy": 0.9507344897640256,
    "fpr": 0.01908101276144657,
    "fnr": 0.7418147801683816,
    "auc": 0.83295202480701,
    "auprc": 0.25307027291524814
  },
  "Nodule": {
    "true_positives": 196,
    "true_negatives": 22866,
    "false_positives": 1107,
    "false_negatives": 1427,
    "total_samples": 25596,
    "sensitivity": 0.12076401725200246,
    "specificity": 0.9538230509322988,
    "precision": 0.15042210283960092,
    "npv": 0.941258798830939,
    "f1_score": 0.1339712918660287,
    "accuracy": 0.9010001562744179,
    "fpr": 0.046176949067701166,
    "fnr": 0.8792359827479975,
    "auc": 0.621149964381525,
    "auprc": 0.10388066045778807
  },
  "Mass": {
    "true_positives": 363,
    "true_negatives": 22843,
    "false_positives": 1005,
    "false_negatives": 1385,
    "total_samples": 25596,
    "sensitivity": 0.20766590389016018,
    "specificity": 0.9578581013082859,
    "precision": 0.26535087719298245,
    "npv": 0.9428347366683176,
    "f1_score": 0.23299101412066756,
    "accuracy": 0.9066260353180184,
    "fpr": 0.04214189869171419,
    "fnr": 0.7923340961098398,
    "auc": 0.7071922351283529,
    "auprc": 0.18197145279684046
  },
  "Hernia": {
    "true_positives": 18,
    "true_negatives": 25491,
    "false_positives": 19,
    "false_negatives": 68,
    "total_samples": 25596,
    "sensitivity": 0.20930232558139536,
    "specificity": 0.9992551940415524,
    "precision": 0.4864864864864865,
    "npv": 0.9973394890253923,
    "f1_score": 0.2926829268292683,
    "accuracy": 0.996601031411158,
    "fpr": 0.0007448059584476676,
    "fnr": 0.7906976744186046,
    "auc": 0.7820895590420536,
    "auprc": 0.20041349603595957
  }
}