{
  "Atelectasis": {
    "true_positives": 508,
    "true_negatives": 18541,
    "false_positives": 3776,
    "false_negatives": 2771,
    "total_samples": 25596,
    "sensitivity": 0.15492528209820067,
    "specificity": 0.830801631043599,
    "precision": 0.11858076563958916,
    "npv": 0.8699793543543544,
    "f1_score": 0.134338225571863,
    "accuracy": 0.7442178465385216,
    "fpr": 0.16919836895640095,
    "fnr": 0.8450747179017993
  },
  "Consolidation": {
    "true_positives": 699,
    "true_negatives": 13178,
    "false_positives": 10603,
    "false_negatives": 1116,
    "total_samples": 25596,
    "sensitivity": 0.3851239669421488,
    "specificity": 0.5541398595517429,
    "precision": 0.0618474606264378,
    "npv": 0.9219252833356654,
    "f1_score": 0.10657924830372797,
    "accuracy": 0.5421550242225348,
    "fpr": 0.445860140448257,
    "fnr": 0.6148760330578512
  },
  "Infiltration": {
    "true_positives": 3903,
    "true_negatives": 7598,
    "false_positives": 11886,
    "false_negatives": 2209,
    "total_samples": 25596,
    "sensitivity": 0.6385798429319371,
    "specificity": 0.3899609936358037,
    "precision": 0.24719741592247768,
    "npv": 0.77475272764352,
    "f1_score": 0.3564220811835076,
    "accuracy": 0.4493280200031255,
    "fpr": 0.6100390063641963,
    "fnr": 0.36142015706806285
  },
  "Pneumothorax": {
    "true_positives": 1136,
    "true_negatives": 10924,
    "false_positives": 12007,
    "false_negatives": 1529,
    "total_samples": 25596,
    "sensitivity": 0.42626641651031894,
    "specificity": 0.4763856787754568,
    "precision": 0.08643384311040098,
    "npv": 0.8772183409620172,
    "f1_score": 0.1437246963562753,
    "accuracy": 0.4711673699015471,
    "fpr": 0.5236143212245432,
    "fnr": 0.5737335834896811
  },
  "Edema": {
    "true_positives": 9,
    "true_negatives": 24336,
    "false_positives": 335,
    "false_negatives": 916,
    "total_samples": 25596,
    "sensitivity": 0.00972972972972973,
    "specificity": 0.9864213043654493,
    "precision": 0.02616279069767442,
    "npv": 0.9637256454934262,
    "f1_score": 0.014184397163120567,
    "accuracy": 0.9511251758087201,
    "fpr": 0.013578695634550686,
    "fnr": 0.9902702702702703
  },
  "Emphysema": {
    "true_positives": 1024,
    "true_negatives": 1973,
    "false_positives": 22530,
    "false_negatives": 69,
    "total_samples": 25596,
    "sensitivity": 0.9368709972552608,
    "specificity": 0.0805207525609109,
    "precision": 0.04347456907531629,
    "npv": 0.9662095984329089,
    "f1_score": 0.0830932770722603,
    "accuracy": 0.11708860759493671,
    "fpr": 0.919479247439089,
    "fnr": 0.06312900274473925
  },
  "Fibrosis": {
    "true_positives": 238,
    "true_negatives": 12746,
    "false_positives": 12415,
    "false_negatives": 197,
    "total_samples": 25596,
    "sensitivity": 0.5471264367816092,
    "specificity": 0.5065776399984102,
    "precision": 0.018809768434363393,
    "npv": 0.9847794174457235,
    "f1_score": 0.03636919315403423,
    "accuracy": 0.5072667604313174,
    "fpr": 0.4934223600015898,
    "fnr": 0.4528735632183908
  },
  "Effusion": {
    "true_positives": 117,
    "true_negatives": 20428,
    "false_positives": 510,
    "false_negatives": 4541,
    "total_samples": 25596,
    "sensitivity": 0.02511807642765135,
    "specificity": 0.9756423727194574,
    "precision": 0.18660287081339713,
    "npv": 0.8181344867635868,
    "f1_score": 0.04427625354777673,
    "accuracy": 0.8026644788248164,
    "fpr": 0.024357627280542554,
    "fnr": 0.9748819235723486
  },
  "Pneumonia": {
    "true_positives": 46,
    "true_negatives": 23006,
    "false_positives": 2035,
    "false_negatives": 509,
    "total_samples": 25596,
    "sensitivity": 0.08288288288288288,
    "specificity": 0.918733277425023,
    "precision": 0.022104757328207592,
    "npv": 0.9783542419732086,
    "f1_score": 0.034901365705614563,
    "accuracy": 0.9006094702297234,
    "fpr": 0.08126672257497704,
    "fnr": 0.9171171171171171
  },
  "Pleural_Thickening": {
    "true_positives": 622,
    "true_negatives": 10737,
    "false_positives": 13716,
    "false_negatives": 521,
    "total_samples": 25596,
    "sensitivity": 0.5441819772528433,
    "specificity": 0.43908722856091276,
    "precision": 0.04338122471753383,
    "npv": 0.9537217978326523,
    "f1_score": 0.08035656611330018,
    "accuracy": 0.4437802781684638,
    "fpr": 0.5609127714390872,
    "fnr": 0.4558180227471566
  },
  "Cardiomegaly": {
    "true_positives": 433,
    "true_negatives": 14673,
    "false_positives": 9854,
    "false_negatives": 636,
    "total_samples": 25596,
    "sensitivity": 0.40505144995322734,
    "specificity": 0.5982386757450973,
    "precision": 0.04209196072713133,
    "npv": 0.9584558103076621,
    "f1_score": 0.07625924621345545,
    "accuracy": 0.5901703391154868,
    "fpr": 0.40176132425490274,
    "fnr": 0.5949485500467727
  },
  "Nodule": {
    "true_positives": 1544,
    "true_negatives": 1251,
    "false_positives": 22722,
    "false_negatives": 79,
    "total_samples": 25596,
    "sensitivity": 0.9513247073321011,
    "specificity": 0.05218370667000376,
    "precision": 0.06362812165169372,
    "npv": 0.9406015037593985,
    "f1_score": 0.11927845803236894,
    "accuracy": 0.10919674949210814,
    "fpr": 0.9478162933299963,
    "fnr": 0.04867529266789895
  },
  "Mass": {
    "true_positives": 952,
    "true_negatives": 11079,
    "false_positives": 12769,
    "false_negatives": 796,
    "total_samples": 25596,
    "sensitivity": 0.5446224256292906,
    "specificity": 0.4645672593089567,
    "precision": 0.0693826980540777,
    "npv": 0.9329684210526316,
    "f1_score": 0.12308487943629194,
    "accuracy": 0.4700343803719331,
    "fpr": 0.5354327406910433,
    "fnr": 0.45537757437070936
  },
  "Hernia": {
    "true_positives": 34,
    "true_negatives": 12604,
    "false_positives": 12906,
    "false_negatives": 52,
    "total_samples": 25596,
    "sensitivity": 0.3953488372093023,
    "specificity": 0.4940807526460212,
    "precision": 0.0026275115919629057,
    "npv": 0.9958912768647282,
    "f1_score": 0.0052203285736219865,
    "accuracy": 0.4937490232848883,
    "fpr": 0.5059192473539789,
    "fnr": 0.6046511627906976
  }
}