{
  "epoch": 80,
  "best_epoch": 25,
  "train_loss": [
    1.1392755803140826,
    0.995323827135585,
    0.91161242912415,
    0.8466588841844178,
    0.7695852611317211,
    0.7066170242434289,
    0.6440551739027672,
    0.5862491507764885,
    0.5379067277759589,
    0.5051211401296852,
    0.4664023930892045,
    0.44033518598833277,
    0.41140875646538083,
    0.3894133744434266,
    0.376528782732165,
    0.35418945955122905,
    0.3787642837038983,
    0.31322317133191113,
    0.31343889444405404,
    0.29982893195092786,
    0.2562305436481665,
    0.22651474084877263,
    0.2150609998511023,
    0.20593400934776515,
    0.19492175297505204,
    0.18783752608514095,
    0.176542346921789,
    0.17281071210620916,
    0.18270342969533587,
    0.16267415156756665,
    0.1409802888253232,
    0.13157581057668064,
    0.12614035925719466,
    0.1209073031111147,
    0.1142514742180953,
    0.11000338455837723,
    0.10587488652280981,
    0.10330966331732637,
    0.09880800362394059,
    0.09595034628858629,
    0.09573685175561916,
    0.09670886091798434,
    0.0924695197272488,
    0.09129841935901788,
    0.09198075122425467,
    0.08877489856115496,
    0.0878985954057804,
    0.0865862507105404,
    0.08901578207137045,
    0.08806273196229983,
    0.08430663649726129,
    0.09067569101700997,
    0.0850245853143188,
    0.08509815425496693,
    0.08901745134055641,
    0.08511707791499105,
    0.08607949544856404,
    0.0866083765846579,
    0.10115176101271993,
    0.08595632160660878,
    0.08790634697141357,
    0.08417746470724671,
    0.08476591101191704,
    0.08531495207634904,
    0.08408154428776443,
    0.08541716352129242,
    0.08384628374432515,
    0.08548042681601842,
    0.08464388407563683,
    0.09414202230078704,
    0.08396211633365773,
    0.0863233454957563,
    0.0846876353963645,
    0.09241831676807262,
    0.08493735091227095,
    0.08590376747999333,
    0.08478940622416255,
    0.084196471721502,
    0.08624023616282947,
    0.08641650550611414
  ],
  "train_acc": [
    0.6665407419204712,
    0.7256688475608826,
    0.7560775279998779,
    0.7744064927101135,
    0.7935486435890198,
    0.8095145225524902,
    0.827243983745575,
    0.8413069844245911,
    0.853397011756897,
    0.8641021251678467,
    0.8734771609306335,
    0.8805499076843262,
    0.8882139921188354,
    0.8949875235557556,
    0.8984269499778748,
    0.9057050943374634,
    0.9000914096832275,
    0.9153081178665161,
    0.9160892963409424,
    0.9198475480079651,
    0.9306445717811584,
    0.938735842704773,
    0.9421040415763855,
    0.9454123973846436,
    0.9482150673866272,
    0.95026034116745,
    0.9533292651176453,
    0.954605758190155,
    0.9564498066902161,
    0.9582309126853943,
    0.9630221128463745,
    0.9659631252288818,
    0.9675089120864868,
    0.9690722823143005,
    0.9707099199295044,
    0.9720885753631592,
    0.9734899401664734,
    0.9738335609436035,
    0.9749923944473267,
    0.9758468270301819,
    0.976088285446167,
    0.9765464663505554,
    0.9770634770393372,
    0.9768529534339905,
    0.9772967100143433,
    0.977775514125824,
    0.9778539538383484,
    0.9783461689949036,
    0.9779849648475647,
    0.978201687335968,
    0.9787476062774658,
    0.978517472743988,
    0.9784524440765381,
    0.9787548184394836,
    0.978432834148407,
    0.9786423444747925,
    0.9786515831947327,
    0.9785391092300415,
    0.9786732792854309,
    0.9785494208335876,
    0.9786340594291687,
    0.9786237478256226,
    0.9787248969078064,
    0.9785628914833069,
    0.978739321231842,
    0.9789405465126038,
    0.9787620306015015,
    0.9786825776100159,
    0.9787940382957458,
    0.9787692427635193,
    0.9786959886550903,
    0.978821873664856,
    0.9786959886550903,
    0.9789219498634338,
    0.978821873664856,
    0.9787352085113525,
    0.9788662195205688,
    0.9788652062416077,
    0.9786711931228638,
    0.9788827896118164
  ],
  "train_f1_macro": [
    0.13605449381950338,
    0.16342400786589215,
    0.18027245969556985,
    0.19486501773270737,
    0.21412805572528612,
    0.23367130430536714,
    0.26342694036571984,
    0.29580830089421306,
    0.3203965140059534,
    0.33123120203269146,
    0.3624833538373018,
    0.3771853445728307,
    0.4096724904122898,
    0.4230460938273232,
    0.417526324566788,
    0.44929832406792597,
    0.40652761879577737,
    0.49044199805330757,
    0.4871479494638927,
    0.5095901821095324,
    0.5545123924773484,
    0.6094813801040271,
    0.6246716067873387,
    0.6511402692694631,
    0.6673514234774709,
    0.6716449623666622,
    0.6949961851512808,
    0.6935198298514491,
    0.7048091347332217,
    0.7160013194434779,
    0.742291081555875,
    0.7642523127329829,
    0.778674854901689,
    0.7903223563368649,
    0.7975492992271753,
    0.8065085064663043,
    0.8186578345719147,
    0.8154546079488488,
    0.8274086724854223,
    0.831606081761999,
    0.8326548671878525,
    0.8354465703454942,
    0.8397640877345757,
    0.8386062094073623,
    0.8427834299643208,
    0.8429710455666227,
    0.844691454624059,
    0.8468415969629273,
    0.8433061532232212,
    0.8445005256168298,
    0.8504615230603385,
    0.851777435583351,
    0.8495015023264483,
    0.8538282207224718,
    0.8497797163269981,
    0.8500330056032357,
    0.8513485816611756,
    0.850069134567746,
    0.8524593136880542,
    0.8502146024722357,
    0.8475989873239246,
    0.850657908813339,
    0.8512236318998682,
    0.8486058409898256,
    0.8508876262286912,
    0.8516677036410653,
    0.8504898914994762,
    0.8529971818428269,
    0.8481327998830561,
    0.8498436936543035,
    0.8508925117711323,
    0.8506742133426332,
    0.8492817378570361,
    0.8540138607178825,
    0.8509751264992571,
    0.8499099614937624,
    0.8514912975611416,
    0.8508863090699721,
    0.8500194177465205,
    0.8556980803543119
  ],
  "train_f1_weighted": [
    0.22905920040888206,
    0.2610801948293117,
    0.2768861884125581,
    0.2887359171178174,
    0.3004320235376712,
    0.3124289502800334,
    0.32610462792100897,
    0.3406363404677053,
    0.3552621521134328,
    0.37006963484565586,
    0.38559005227148846,
    0.398032852141804,
    0.41301354058586304,
    0.4285183957319992,
    0.4364798710799671,
    0.45458336691223467,
    0.4441301533325017,
    0.48293434878150027,
    0.4855387366321184,
    0.49902662177124363,
    0.5392081004976653,
    0.5718934941528147,
    0.5874280073502055,
    0.6037489553079262,
    0.6176817482955149,
    0.6280784250465913,
    0.6438810338291991,
    0.651003265623603,
    0.6605665766780902,
    0.6706468307321681,
    0.6995553202420796,
    0.7180296384905737,
    0.7279832813239291,
    0.7382621837318235,
    0.7490155630222948,
    0.7586337477081833,
    0.7683390426261976,
    0.7709462321433455,
    0.7790853045074747,
    0.7851807049161674,
    0.7870593599738167,
    0.7902908259608477,
    0.7939185437316472,
    0.7926265979001412,
    0.7957820375164731,
    0.7992448764698267,
    0.8002301403845525,
    0.8037480626862185,
    0.8006734777695688,
    0.8022058549505697,
    0.8065732260608311,
    0.8050077011219988,
    0.8048821531442862,
    0.8069001740402818,
    0.8044252274319665,
    0.8060009547951955,
    0.805999561097057,
    0.8048590794286558,
    0.8061128574722555,
    0.804894773919695,
    0.8056462171495021,
    0.8055178396174744,
    0.806672290629801,
    0.8052447193150998,
    0.8065461146479929,
    0.80785748116493,
    0.8066495980021782,
    0.8060011482247585,
    0.8069885448032478,
    0.8069645761485766,
    0.8063169850607941,
    0.8070829736874695,
    0.8060585215182209,
    0.8083404101209202,
    0.8072659526284038,
    0.8063017363531543,
    0.8075696490669036,
    0.8073052179864578,
    0.8056398808210803,
    0.8079200599561364
  ],