{
  "Atelectasis": {
    "true_positives": 837,
    "true_negatives": 20059,
    "false_positives": 2258,
    "false_negatives": 2442,
    "total_samples": 25596,
    "sensitivity": 0.2552607502287283,
    "specificity": 0.8988215261907962,
    "precision": 0.2704361873990307,
    "npv": 0.891471490155993,
    "f1_score": 0.2626294320677754,
    "accuracy": 0.8163775589935928,
    "fpr": 0.10117847380920375,
    "fnr": 0.7447392497712717,
    "auc": 0.6606041153965985,
    "auprc": 0.22511831651232667
  },
  "Consolidation": {
    "true_positives": 181,
    "true_negatives": 22774,
    "false_positives": 1007,
    "false_negatives": 1634,
    "total_samples": 25596,
    "sensitivity": 0.09972451790633609,
    "specificity": 0.9576552710146756,
    "precision": 0.15235690235690236,
    "npv": 0.9330547361520812,
    "f1_score": 0.12054612054612054,
    "accuracy": 0.896819815596187,
    "fpr": 0.04234472898532442,
    "fnr": 0.9002754820936639,
    "auc": 0.6049376293295236,
    "auprc": 0.10958117715541757
  },
  "Infiltration": {
    "true_positives": 2172,
    "true_negatives": 15310,
    "false_positives": 4174,
    "false_negatives": 3940,
    "total_samples": 25596,
    "sensitivity": 0.3553664921465969,
    "specificity": 0.785772941901047,
    "precision": 0.3422628427355815,
    "npv": 0.7953246753246753,
    "f1_score": 0.34869160378873015,
    "accuracy": 0.682997343334896,
    "fpr": 0.21422705809895298,
    "fnr": 0.6446335078534031,
    "auc": 0.6145510569956179,
    "auprc": 0.32471438220200277
  },
  "Pneumothorax": {
    "true_positives": 524,
    "true_negatives": 22219,
    "false_positives": 712,
    "false_negatives": 2141,
    "total_samples": 25596,
    "sensitivity": 0.19662288930581615,
    "specificity": 0.9689503292486155,
    "precision": 0.42394822006472493,
    "npv": 0.9121100164203613,
    "f1_score": 0.2686490643424763,
    "accuracy": 0.8885372714486639,
    "fpr": 0.031049670751384588,
    "fnr": 0.8033771106941838,
    "auc": 0.7642881822725701,
    "auprc": 0.30539415038763884
  },
  "Edema": {
    "true_positives": 136,
    "true_negatives": 23966,
    "false_positives": 705,
    "false_negatives": 789,
    "total_samples": 25596,
    "sensitivity": 0.14702702702702702,
    "specificity": 0.9714239390377366,
    "precision": 0.16171224732461356,
    "npv": 0.9681276509796001,
    "f1_score": 0.1540203850509626,
    "accuracy": 0.9416315049226441,
    "fpr": 0.028576060962263387,
    "fnr": 0.8529729729729729,
    "auc": 0.7219965447998361,
    "auprc": 0.10434732533283728
  },
  "Emphysema": {
    "true_positives": 311,
    "true_negatives": 23959,
    "false_positives": 544,
    "false_negatives": 782,
    "total_samples": 25596,
    "sensitivity": 0.2845379688929552,
    "specificity": 0.9777986369016038,
    "precision": 0.36374269005847953,
    "npv": 0.9683925467846893,
    "f1_score": 0.3193018480492813,
    "accuracy": 0.9481950304735115,
    "fpr": 0.022201363098396116,
    "fnr": 0.7154620311070449,
    "auc": 0.7966555171708346,
    "auprc": 0.23839475335629567
  },
  "Fibrosis": {
    "true_positives": 22,
    "true_negatives": 25007,
    "false_positives": 154,
    "false_negatives": 413,
    "total_samples": 25596,
    "sensitivity": 0.05057471264367816,
    "specificity": 0.9938794165573706,
    "precision": 0.125,
    "npv": 0.9837529504327301,
    "f1_score": 0.07201309328968904,
    "accuracy": 0.9778481012658228,
    "fpr": 0.006120583442629466,
    "fnr": 0.9494252873563218,
    "auc": 0.6666379321765531,
    "auprc": 0.05464191181528097
  },
  "Effusion": {
    "true_positives": 2122,
    "true_negatives": 17914,
    "false_positives": 3024,
    "false_negatives": 2536,
    "total_samples": 25596,
    "sensitivity": 0.45556032632030913,
    "specificity": 0.8555735982424301,
    "precision": 0.41235911387485424,
    "npv": 0.8759902200488997,
    "f1_score": 0.4328845369237046,
    "accuracy": 0.7827785591498672,
    "fpr": 0.14442640175756996,
    "fnr": 0.5444396736796908,
    "auc": 0.7488655961961916,
    "auprc": 0.396702207979197
  },
  "Pneumonia": {
    "true_positives": 18,
    "true_negatives": 24831,
    "false_positives": 210,
    "false_negatives": 537,
    "total_samples": 25596,
    "sensitivity": 0.032432432432432434,
    "specificity": 0.9916137534443512,
    "precision": 0.07894736842105263,
    "npv": 0.9788315988647115,
    "f1_score": 0.04597701149425288,
    "accuracy": 0.9708157524613221,
    "fpr": 0.008386246555648735,
    "fnr": 0.9675675675675676,
    "auc": 0.5671804187079136,
    "auprc": 0.030641063766127366
  },
  "Pleural_Thickening": {
    "true_positives": 106,
    "true_negatives": 23831,
    "false_positives": 622,
    "false_negatives": 1037,
    "total_samples": 25596,
    "sensitivity": 0.09273840769903761,
    "specificity": 0.9745634482476587,
    "precision": 0.14560439560439561,
    "npv": 0.9582998230657873,
    "f1_score": 0.11330839123463389,
    "accuracy": 0.9351851851851852,
    "fpr": 0.025436551752341226,
    "fnr": 0.9072615923009624,
    "auc": 0.6464826609183564,
    "auprc": 0.08963155148725875
  },
  "Cardiomegaly": {
    "true_positives": 278,
    "true_negatives": 24044,
    "false_positives": 483,
    "false_negatives": 791,
    "total_samples": 25596,
    "sensitivity": 0.2600561272217025,
    "specificity": 0.9803074163167121,
    "precision": 0.36530880420499345,
    "npv": 0.9681497886047916,
    "f1_score": 0.3038251366120219,
    "accuracy": 0.9502265979059228,
    "fpr": 0.019692583683287804,
    "fnr": 0.7399438727782974,
    "auc": 0.8032201239976731,
    "auprc": 0.24051720201924792
  },
  "Nodule": {
    "true_positives": 215,
    "true_negatives": 23085,
    "false_positives": 888,
    "false_negatives": 1408,
    "total_samples": 25596,
    "sensitivity": 0.13247073321010475,
    "specificity": 0.9629583281191341,
    "precision": 0.19492293744333636,
    "npv": 0.9425141877271057,
    "f1_score": 0.15774027879677183,
    "accuracy": 0.9102984841381466,
    "fpr": 0.037041671880865976,
    "fnr": 0.8675292667898953,
    "auc": 0.624368812017648,
    "auprc": 0.11768428969355786
  },
  "Mass": {
    "true_positives": 358,
    "true_negatives": 23003,
    "false_positives": 845,
    "false_negatives": 1390,
    "total_samples": 25596,
    "sensitivity": 0.2048054919908467,
    "specificity": 0.9645672593089567,
    "precision": 0.2975893599334996,
    "npv": 0.9430164391423769,
    "f1_score": 0.2426296170789563,
    "accuracy": 0.912681669010783,
    "fpr": 0.035432740691043275,
    "fnr": 0.7951945080091534,
    "auc": 0.7079090652891655,
    "auprc": 0.1972470632420702
  },
  "Hernia": {
    "true_positives": 25,
    "true_negatives": 25491,
    "false_positives": 19,
    "false_negatives": 61,
    "total_samples": 25596,
    "sensitivity": 0.29069767441860467,
    "specificity": 0.9992551940415524,
    "precision": 0.5681818181818182,
    "npv": 0.9976127113337507,
    "f1_score": 0.38461538461538464,
    "accuracy": 0.9968745116424441,
    "fpr": 0.0007448059584476676,
    "fnr": 0.7093023255813954,
    "auc": 0.7261621069712744,
    "auprc": 0.2642882407358035
  }
}