{
  "Atelectasis": {
    "true_positives": 1403,
    "true_negatives": 18307,
    "false_positives": 4010,
    "false_negatives": 1876,
    "total_samples": 25596,
    "sensitivity": 0.42787435193656603,
    "specificity": 0.8203163507639916,
    "precision": 0.25919083687419175,
    "npv": 0.9070504880344845,
    "f1_score": 0.3228255867464335,
    "accuracy": 0.770042194092827,
    "fpr": 0.17968364923600844,
    "fnr": 0.572125648063434,
    "auc": 0.7066304981440797,
    "auprc": 0.2587587110648638
  },
  "Consolidation": {
    "true_positives": 270,
    "true_negatives": 22345,
    "false_positives": 1436,
    "false_negatives": 1545,
    "total_samples": 25596,
    "sensitivity": 0.1487603305785124,
    "specificity": 0.939615659560153,
    "precision": 0.15826494724501758,
    "npv": 0.9353285893679364,
    "f1_score": 0.15336552115876173,
    "accuracy": 0.8835364900765744,
    "fpr": 0.06038434043984694,
    "fnr": 0.8512396694214877,
    "auc": 0.6603590175410307,
    "auprc": 0.12241062693193519
  },
  "Infiltration": {
    "true_positives": 4017,
    "true_negatives": 10812,
    "false_positives": 8672,
    "false_negatives": 2095,
    "total_samples": 25596,
    "sensitivity": 0.6572316753926701,
    "specificity": 0.5549168548552659,
    "precision": 0.3165734100401923,
    "npv": 0.8376849771441853,
    "f1_score": 0.4273176958672411,
    "accuracy": 0.5793483356774496,
    "fpr": 0.4450831451447341,
    "fnr": 0.34276832460732987,
    "auc": 0.6440991218731223,
    "auprc": 0.33759316900193165
  },
  "Pneumothorax": {
    "true_positives": 864,
    "true_negatives": 21607,
    "false_positives": 1324,
    "false_negatives": 1801,
    "total_samples": 25596,
    "sensitivity": 0.32420262664165106,
    "specificity": 0.9422615673106275,
    "precision": 0.39488117001828155,
    "npv": 0.9230604921394395,
    "f1_score": 0.35606841129198435,
    "accuracy": 0.8779106110329739,
    "fpr": 0.05773843268937247,
    "fnr": 0.675797373358349,
    "auc": 0.8023463653052313,
    "auprc": 0.3291821493141541
  },
  "Edema": {
    "true_positives": 219,
    "true_negatives": 23614,
    "false_positives": 1057,
    "false_negatives": 706,
    "total_samples": 25596,
    "sensitivity": 0.23675675675675675,
    "specificity": 0.9571561752665072,
    "precision": 0.17163009404388715,
    "npv": 0.9709703947368421,
    "f1_score": 0.19900045433893687,
    "accuracy": 0.9311220503203625,
    "fpr": 0.04284382473349276,
    "fnr": 0.7632432432432432,
    "auc": 0.7822635833515003,
    "auprc": 0.1383383791591865
  },
  "Emphysema": {
    "true_positives": 372,
    "true_negatives": 23766,
    "false_positives": 737,
    "false_negatives": 721,
    "total_samples": 25596,
    "sensitivity": 0.3403476669716377,
    "specificity": 0.9699220503611803,
    "precision": 0.33543733092876465,
    "npv": 0.9705558051210846,
    "f1_score": 0.33787465940054495,
    "accuracy": 0.9430379746835443,
    "fpr": 0.030077949638819736,
    "fnr": 0.6596523330283623,
    "auc": 0.8403389856962078,
    "auprc": 0.27886609920474936
  },
  "Fibrosis": {
    "true_positives": 31,
    "true_negatives": 24896,
    "false_positives": 265,
    "false_negatives": 404,
    "total_samples": 25596,
    "sensitivity": 0.07126436781609195,
    "specificity": 0.9894678271928778,
    "precision": 0.10472972972972973,
    "npv": 0.9840316205533597,
    "f1_score": 0.08481532147742818,
    "accuracy": 0.9738631036099391,
    "fpr": 0.010532172807122134,
    "fnr": 0.9287356321839081,
    "auc": 0.7138058489534296,
    "auprc": 0.06158403725776826
  },
  "Effusion": {
    "true_positives": 3150,
    "true_negatives": 15516,
    "false_positives": 5422,
    "false_negatives": 1508,
    "total_samples": 25596,
    "sensitivity": 0.6762559038213826,
    "specificity": 0.7410449899703888,
    "precision": 0.36747550163322446,
    "npv": 0.9114191729323309,
    "f1_score": 0.4761904761904762,
    "accuracy": 0.729254571026723,
    "fpr": 0.25895501002961124,
    "fnr": 0.32374409617861744,
    "auc": 0.7831887410872337,
    "auprc": 0.43708661977160224
  },
  "Pneumonia": {
    "true_positives": 17,
    "true_negatives": 24791,
    "false_positives": 250,
    "false_negatives": 538,
    "total_samples": 25596,
    "sensitivity": 0.03063063063063063,
    "specificity": 0.9900163731480373,
    "precision": 0.06367041198501873,
    "npv": 0.9787595246555332,
    "f1_score": 0.0413625304136253,
    "accuracy": 0.9692139396780747,
    "fpr": 0.00998362685196278,
    "fnr": 0.9693693693693693,
    "auc": 0.6268933723468286,
    "auprc": 0.03701720951038307
  },
  "Pleural_Thickening": {
    "true_positives": 175,
    "true_negatives": 23350,
    "false_positives": 1103,
    "false_negatives": 968,
    "total_samples": 25596,
    "sensitivity": 0.15310586176727908,
    "specificity": 0.954893060156218,
    "precision": 0.13693270735524257,
    "npv": 0.9601940949091208,
    "f1_score": 0.14456836018174307,
    "accuracy": 0.9190889201437724,
    "fpr": 0.045106939843781946,
    "fnr": 0.8468941382327209,
    "auc": 0.7046866810646338,
    "auprc": 0.10458826807452891
  },
  "Cardiomegaly": {
    "true_positives": 349,
    "true_negatives": 23770,
    "false_positives": 757,
    "false_negatives": 720,
    "total_samples": 25596,
    "sensitivity": 0.3264733395696913,
    "specificity": 0.9691360541444123,
    "precision": 0.3155515370705244,
    "npv": 0.9706002449979584,
    "f1_score": 0.3209195402298851,
    "accuracy": 0.9422956711986248,
    "fpr": 0.03086394585558772,
    "fnr": 0.6735266604303087,
    "auc": 0.8237823130943341,
    "auprc": 0.2601468018429932
  },
  "Nodule": {
    "true_positives": 384,
    "true_negatives": 21976,
    "false_positives": 1997,
    "false_negatives": 1239,
    "total_samples": 25596,
    "sensitivity": 0.2365988909426987,
    "specificity": 0.916697951862512,
    "precision": 0.16127677446451072,
    "npv": 0.9466293344820159,
    "f1_score": 0.1918081918081918,
    "accuracy": 0.8735739959368651,
    "fpr": 0.08330204813748801,
    "fnr": 0.7634011090573013,
    "auc": 0.6710164333314083,
    "auprc": 0.13254858265351566
  },
  "Mass": {
    "true_positives": 522,
    "true_negatives": 22144,
    "false_positives": 1704,
    "false_negatives": 1226,
    "total_samples": 25596,
    "sensitivity": 0.2986270022883295,
    "specificity": 0.9285474672928548,
    "precision": 0.23450134770889489,
    "npv": 0.9475395806589645,
    "f1_score": 0.2627075993960745,
    "accuracy": 0.8855289889045164,
    "fpr": 0.07145253270714526,
    "fnr": 0.7013729977116705,
    "auc": 0.7310114252393304,
    "auprc": 0.20106492708219761
  },
  "Hernia": {
    "true_positives": 25,
    "true_negatives": 25500,
    "false_positives": 10,
    "false_negatives": 61,
    "total_samples": 25596,
    "sensitivity": 0.29069767441860467,
    "specificity": 0.999607996863975,
    "precision": 0.7142857142857143,
    "npv": 0.9976135518954657,
    "f1_score": 0.41322314049586784,
    "accuracy": 0.9972261290826692,
    "fpr": 0.0003920031360250882,
    "fnr": 0.7093023255813954,
    "auc": 0.8614063796231299,
    "auprc": 0.32885113799985727
  }
}