{
  "Atelectasis": {
    "true_positives": 856,
    "true_negatives": 20329,
    "false_positives": 1988,
    "false_negatives": 2423,
    "total_samples": 25596,
    "sensitivity": 0.2610551997560232,
    "specificity": 0.9109199265134202,
    "precision": 0.3009845288326301,
    "npv": 0.8935038677918424,
    "f1_score": 0.2796015025314388,
    "accuracy": 0.8276683856852634,
    "fpr": 0.08908007348657973,
    "fnr": 0.7389448002439768,
    "auc": 0.6905458079479492,
    "auprc": 0.2558024569865921
  },
  "Consolidation": {
    "true_positives": 226,
    "true_negatives": 22542,
    "false_positives": 1239,
    "false_negatives": 1589,
    "total_samples": 25596,
    "sensitivity": 0.12451790633608815,
    "specificity": 0.9478995837012741,
    "precision": 0.15426621160409557,
    "npv": 0.9341510919564047,
    "f1_score": 0.1378048780487805,
    "accuracy": 0.8895139865604,
    "fpr": 0.052100416298725874,
    "fnr": 0.8754820936639118,
    "auc": 0.6453944354262027,
    "auprc": 0.11701930004260779
  },
  "Infiltration": {
    "true_positives": 2295,
    "true_negatives": 15246,
    "false_positives": 4238,
    "false_negatives": 3817,
    "total_samples": 25596,
    "sensitivity": 0.37549083769633507,
    "specificity": 0.7824881954424143,
    "precision": 0.35129343333843566,
    "npv": 0.7997691863819966,
    "f1_score": 0.36298932384341637,
    "accuracy": 0.6853023909985936,
    "fpr": 0.2175118045575857,
    "fnr": 0.6245091623036649,
    "auc": 0.6270897172240131,
    "auprc": 0.3338908594094032
  },
  "Pneumothorax": {
    "true_positives": 765,
    "true_negatives": 21970,
    "false_positives": 961,
    "false_negatives": 1900,
    "total_samples": 25596,
    "sensitivity": 0.2870544090056285,
    "specificity": 0.9580916663032576,
    "precision": 0.44322132097334876,
    "npv": 0.9204021784666946,
    "f1_score": 0.34843999089045774,
    "accuracy": 0.8882247226129083,
    "fpr": 0.0419083336967424,
    "fnr": 0.7129455909943715,
    "auc": 0.7878794880440326,
    "auprc": 0.336358831314751
  },
  "Edema": {
    "true_positives": 148,
    "true_negatives": 23856,
    "false_positives": 815,
    "false_negatives": 777,
    "total_samples": 25596,
    "sensitivity": 0.16,
    "specificity": 0.9669652628592275,
    "precision": 0.1536863966770509,
    "npv": 0.96845694799659,
    "f1_score": 0.15677966101694915,
    "accuracy": 0.9378027816846383,
    "fpr": 0.03303473714077257,
    "fnr": 0.84,
    "auc": 0.7475357324005535,
    "auprc": 0.11260736594072565
  },
  "Emphysema": {
    "true_positives": 418,
    "true_negatives": 23769,
    "false_positives": 734,
    "false_negatives": 675,
    "total_samples": 25596,
    "sensitivity": 0.38243366880146384,
    "specificity": 0.9700444843488553,
    "precision": 0.3628472222222222,
    "npv": 0.9723858615611193,
    "f1_score": 0.37238307349665917,
    "accuracy": 0.9449523363025473,
    "fpr": 0.029955515651144758,
    "fnr": 0.6175663311985361,
    "auc": 0.8491678241389415,
    "auprc": 0.2941164649659763
  },
  "Fibrosis": {
    "true_positives": 32,
    "true_negatives": 24945,
    "false_positives": 216,
    "false_negatives": 403,
    "total_samples": 25596,
    "sensitivity": 0.0735632183908046,
    "specificity": 0.9914152855609872,
    "precision": 0.12903225806451613,
    "npv": 0.984101309768029,
    "f1_score": 0.09370424597364568,
    "accuracy": 0.9758165338334115,
    "fpr": 0.008584714439012759,
    "fnr": 0.9264367816091954,
    "auc": 0.6754201791040412,
    "auprc": 0.05103149254934283
  },
  "Effusion": {
    "true_positives": 2158,
    "true_negatives": 18107,
    "false_positives": 2831,
    "false_negatives": 2500,
    "total_samples": 25596,
    "sensitivity": 0.46328896522112495,
    "specificity": 0.8647912885662432,
    "precision": 0.4325516135498096,
    "npv": 0.8786820012617071,
    "f1_score": 0.4473929719083653,
    "accuracy": 0.7917252695733709,
    "fpr": 0.13520871143375682,
    "fnr": 0.536711034778875,
    "auc": 0.7673341053824247,
    "auprc": 0.41881657601436606
  },
  "Pneumonia": {
    "true_positives": 15,
    "true_negatives": 24776,
    "false_positives": 265,
    "false_negatives": 540,
    "total_samples": 25596,
    "sensitivity": 0.02702702702702703,
    "specificity": 0.9894173555369195,
    "precision": 0.05357142857142857,
    "npv": 0.978669616053089,
    "f1_score": 0.03592814371257485,
    "accuracy": 0.968549773402094,
    "fpr": 0.010582644463080548,
    "fnr": 0.972972972972973,
    "auc": 0.5873230604511304,
    "auprc": 0.03349274229517133
  },
  "Pleural_Thickening": {
    "true_positives": 174,
    "true_negatives": 23655,
    "false_positives": 798,
    "false_negatives": 969,
    "total_samples": 25596,
    "sensitivity": 0.15223097112860892,
    "specificity": 0.9673659673659674,
    "precision": 0.17901234567901234,
    "npv": 0.9606481481481481,
    "f1_score": 0.1645390070921986,
    "accuracy": 0.9309657759024847,
    "fpr": 0.03263403263403263,
    "fnr": 0.847769028871391,
    "auc": 0.6958936240604979,
    "auprc": 0.11181299669355552
  },
  "Cardiomegaly": {
    "true_positives": 315,
    "true_negatives": 23995,
    "false_positives": 532,
    "false_negatives": 754,
    "total_samples": 25596,
    "sensitivity": 0.29466791393826003,
    "specificity": 0.9783096179720309,
    "precision": 0.371900826446281,
    "npv": 0.9695341225908117,
    "f1_score": 0.32881002087682665,
    "accuracy": 0.9497577746522894,
    "fpr": 0.021690382027969177,
    "fnr": 0.7053320860617399,
    "auc": 0.8169963930855223,
    "auprc": 0.2669667493287775
  },
  "Nodule": {
    "true_positives": 257,
    "true_negatives": 23080,
    "false_positives": 893,
    "false_negatives": 1366,
    "total_samples": 25596,
    "sensitivity": 0.1583487369069624,
    "specificity": 0.9627497601468319,
    "precision": 0.2234782608695652,
    "npv": 0.9441217377076004,
    "f1_score": 0.1853588171655247,
    "accuracy": 0.9117440225035162,
    "fpr": 0.037250239853168145,
    "fnr": 0.8416512630930376,
    "auc": 0.6601207165208117,
    "auprc": 0.14376124719508138
  },
  "Mass": {
    "true_positives": 469,
    "true_negatives": 22668,
    "false_positives": 1180,
    "false_negatives": 1279,
    "total_samples": 25596,
    "sensitivity": 0.2683066361556064,
    "specificity": 0.950519959745052,
    "precision": 0.28441479684657367,
    "npv": 0.9465903871048565,
    "f1_score": 0.2761259935236974,
    "accuracy": 0.9039303016096265,
    "fpr": 0.049480040254948,
    "fnr": 0.7316933638443935,
    "auc": 0.7361708536213717,
    "auprc": 0.2127325762603111
  },
  "Hernia": {
    "true_positives": 21,
    "true_negatives": 25492,
    "false_positives": 18,
    "false_negatives": 65,
    "total_samples": 25596,
    "sensitivity": 0.2441860465116279,
    "specificity": 0.9992943943551549,
    "precision": 0.5384615384615384,
    "npv": 0.99745666549282,
    "f1_score": 0.336,
    "accuracy": 0.9967573058290358,
    "fpr": 0.0007056056448451588,
    "fnr": 0.7558139534883721,
    "auc": 0.8380429927160347,
    "auprc": 0.308436704850792
  }
}