{
  "Atelectasis": {
    "true_positives": 395,
    "true_negatives": 21406,
    "false_positives": 911,
    "false_negatives": 2884,
    "total_samples": 25596,
    "sensitivity": 0.1204635559621836,
    "specificity": 0.9591791011336649,
    "precision": 0.30245022970903523,
    "npv": 0.8812680115273775,
    "f1_score": 0.1723009814612868,
    "accuracy": 0.8517346460384435,
    "fpr": 0.04082089886633508,
    "fnr": 0.8795364440378164
  },
  "Consolidation": {
    "true_positives": 60,
    "true_negatives": 23436,
    "false_positives": 345,
    "false_negatives": 1755,
    "total_samples": 25596,
    "sensitivity": 0.03305785123966942,
    "specificity": 0.9854926201589504,
    "precision": 0.14814814814814814,
    "npv": 0.9303322615219721,
    "f1_score": 0.05405405405405406,
    "accuracy": 0.9179559306141585,
    "fpr": 0.014507379841049578,
    "fnr": 0.9669421487603306
  },
  "Infiltration": {
    "true_positives": 1244,
    "true_negatives": 17201,
    "false_positives": 2283,
    "false_negatives": 4868,
    "total_samples": 25596,
    "sensitivity": 0.20353403141361257,
    "specificity": 0.8828269349209608,
    "precision": 0.35270768358378224,
    "npv": 0.7794190946576646,
    "f1_score": 0.25811806203963067,
    "accuracy": 0.7206204094389749,
    "fpr": 0.11717306507903921,
    "fnr": 0.7964659685863874
  },
  "Pneumothorax": {
    "true_positives": 259,
    "true_negatives": 22601,
    "false_positives": 330,
    "false_negatives": 2406,
    "total_samples": 25596,
    "sensitivity": 0.09718574108818011,
    "specificity": 0.9856090009157908,
    "precision": 0.4397283531409168,
    "npv": 0.903786939656896,
    "f1_score": 0.15918869084204057,
    "accuracy": 0.8931082981715893,
    "fpr": 0.01439099908420915,
    "fnr": 0.9028142589118199
  },
  "Edema": {
    "true_positives": 48,
    "true_negatives": 24419,
    "false_positives": 252,
    "false_negatives": 877,
    "total_samples": 25596,
    "sensitivity": 0.05189189189189189,
    "specificity": 0.9897855782092335,
    "precision": 0.16,
    "npv": 0.9653304870335231,
    "f1_score": 0.0783673469387755,
    "accuracy": 0.9558915455539928,
    "fpr": 0.010214421790766487,
    "fnr": 0.9481081081081081
  },
  "Emphysema": {
    "true_positives": 86,
    "true_negatives": 24315,
    "false_positives": 188,
    "false_negatives": 1007,
    "total_samples": 25596,
    "sensitivity": 0.07868252516010979,
    "specificity": 0.9923274701057013,
    "precision": 0.31386861313868614,
    "npv": 0.960232209146197,
    "f1_score": 0.1258229700073153,
    "accuracy": 0.9533130176590092,
    "fpr": 0.007672529894298658,
    "fnr": 0.9213174748398902
  },
  "Fibrosis": {
    "true_positives": 1,
    "true_negatives": 25111,
    "false_positives": 50,
    "false_negatives": 434,
    "total_samples": 25596,
    "sensitivity": 0.0022988505747126436,
    "specificity": 0.9980127975835619,
    "precision": 0.0196078431372549,
    "npv": 0.9830103738500685,
    "f1_score": 0.004115226337448559,
    "accuracy": 0.981090795436787,
    "fpr": 0.0019872024164381383,
    "fnr": 0.9977011494252873
  },
  "Effusion": {
    "true_positives": 1271,
    "true_negatives": 19511,
    "false_positives": 1427,
    "false_negatives": 3387,
    "total_samples": 25596,
    "sensitivity": 0.2728638900815801,
    "specificity": 0.9318464036679721,
    "precision": 0.4710896960711638,
    "npv": 0.8520831513669316,
    "f1_score": 0.3455682436106579,
    "accuracy": 0.8119237380840756,
    "fpr": 0.06815359633202789,
    "fnr": 0.7271361099184199
  },
  "Pneumonia": {
    "true_positives": 2,
    "true_negatives": 24987,
    "false_positives": 54,
    "false_negatives": 553,
    "total_samples": 25596,
    "sensitivity": 0.0036036036036036037,
    "specificity": 0.997843536599976,
    "precision": 0.03571428571428571,
    "npv": 0.9783476898981989,
    "f1_score": 0.006546644844517185,
    "accuracy": 0.9762853570870449,
    "fpr": 0.0021564634000239605,
    "fnr": 0.9963963963963964
  },
  "Pleural_Thickening": {
    "true_positives": 44,
    "true_negatives": 24225,
    "false_positives": 228,
    "false_negatives": 1099,
    "total_samples": 25596,
    "sensitivity": 0.03849518810148731,
    "specificity": 0.9906759906759907,
    "precision": 0.16176470588235295,
    "npv": 0.9566024324751224,
    "f1_score": 0.06219081272084806,
    "accuracy": 0.948155961869042,
    "fpr": 0.009324009324009324,
    "fnr": 0.9615048118985127
  },
  "Cardiomegaly": {
    "true_positives": 133,
    "true_negatives": 24363,
    "false_positives": 164,
    "false_negatives": 936,
    "total_samples": 25596,
    "sensitivity": 0.1244153414405987,
    "specificity": 0.9933134912545358,
    "precision": 0.4478114478114478,
    "npv": 0.9630024902170046,
    "f1_score": 0.19472913616398246,
    "accuracy": 0.9570245350836069,
    "fpr": 0.006686508745464182,
    "fnr": 0.8755846585594013
  },
  "Nodule": {
    "true_positives": 70,
    "true_negatives": 23685,
    "false_positives": 288,
    "false_negatives": 1553,
    "total_samples": 25596,
    "sensitivity": 0.04313000616142945,
    "specificity": 0.9879864847953949,
    "precision": 0.19553072625698323,
    "npv": 0.9384658055313416,
    "f1_score": 0.07067137809187278,
    "accuracy": 0.9280746991717456,
    "fpr": 0.01201351520460518,
    "fnr": 0.9568699938385705
  },
  "Mass": {
    "true_positives": 190,
    "true_negatives": 23337,
    "false_positives": 511,
    "false_negatives": 1558,
    "total_samples": 25596,
    "sensitivity": 0.10869565217391304,
    "specificity": 0.9785726266353573,
    "precision": 0.2710413694721826,
    "npv": 0.9374171520385619,
    "f1_score": 0.15516537362188648,
    "accuracy": 0.9191670573527113,
    "fpr": 0.021427373364642736,
    "fnr": 0.8913043478260869
  },
  "Hernia": {
    "true_positives": 1,
    "true_negatives": 25507,
    "false_positives": 3,
    "false_negatives": 85,
    "total_samples": 25596,
    "sensitivity": 0.011627906976744186,
    "specificity": 0.9998823990591925,
    "precision": 0.25,
    "npv": 0.9966786495779931,
    "f1_score": 0.02222222222222222,
    "accuracy": 0.9965619628066885,
    "fpr": 0.00011760094080752646,
    "fnr": 0.9883720930232558
  }
}