{"train_loss": [0.029651399337309592, 0.017358145802651916, 0.01666425981226613, 0.01599773090283684, 0.015244220847835464, 0.01431239459469102, 0.013156085737547089, 0.01181719943733848, 0.010399396812531223, 0.008914434939559185, 0.0075537271028584254, 0.006353782711752007, 0.005338954527207345, 0.004585551805626395, 0.0040329737625237165, 0.003557552429927038, 0.0032508764700831107, 0.002973563692353015, 0.002705047842048026, 0.002550918360606788, 0.0023962780755239603, 0.0022683549088701586, 0.0013417390915616838, 0.0009318657837953759, 0.0008241519853225515, 0.0007947040976432618, 0.0007703183542035225, 0.0007236536049897104, 0.0007065044915171491, 0.0006822779311906187, 0.0006512415114662004, 0.0006424977089530409, 0.00045861353760889823, 0.00034563957329777954, 0.0003329920168098414, 0.0002828922403495234, 0.00022140674611512314, 0.00019404734068013632, 0.0001750402929962939, 0.00017042162302335068], "train_acc": [0.9292762279510498, 0.9556449204683304, 0.9557914510369301, 0.9561247639358044, 0.956605639308691, 0.9575374647974968, 0.9592164009809494, 0.9618405774235725, 0.9652149602770805, 0.9695954658091068, 0.9739780370146036, 0.9780799243599176, 0.9817081596702337, 0.9845892852172256, 0.9866510638967156, 0.988357862457633, 0.9894547946751118, 0.9903535982593894, 0.9912885194644332, 0.9918952891603112, 0.9923864835873246, 0.9928539437241852, 0.9960033684037626, 0.9973520895000547, 0.9976554743479937, 0.9977194536477327, 0.9977885922417045, 0.9979898170568049, 0.9979825934860855, 0.9980290299281478, 0.9981394455535337, 0.9981157113797963, 0.9989113229094073, 0.9990826218272559, 0.9992425696691498, 0.9992580484831706, 0.9994664965779521, 0.9995624652947299, 0.9996202529000584, 0.9996223167399876], "train_f1_macro": [0.03765603227477223, 0.009585186553507614, 0.014264264354201361, 0.026757997584888667, 0.05034086764300995, 0.10301085876407805, 0.1779371198266771, 0.2822171631341606, 0.38270416214283914, 0.4898588420369338, 0.585518852042667, 0.6673108498617376, 0.7324546684718551, 0.7854646378589434, 0.8141023125624048, 0.8458614091246854, 0.8598724562753538, 0.87425907218329, 0.8903710155421427, 0.9017254773326047, 0.9077655589952566, 0.9140441788602455, 0.9508835559667463, 0.9687217138163005, 0.9733545757114509, 0.9736525094040747, 0.9777989792697505, 0.9780422844789439, 0.978352389298565, 0.9794502344310638, 0.9804056894329872, 0.9789160262560499, 0.9883246889693271, 0.9894615383914586, 0.9913179054781615, 0.9917673888399253, 0.9947402733474957, 0.9955206179914246, 0.9960850452499977, 0.995892962475241], "train_f1_weighted": [0.05915361988234777, 0.02161654702899606, 0.030550231591025555, 0.04921811076729763, 0.07554473862334898, 0.11894978856400534, 0.19020425199809, 0.2848598068179562, 0.3928355829428683, 0.5087035168580153, 0.60914233114162, 0.6920162947984031, 0.755542410039651, 0.8022585875575609, 0.8330233177921259, 0.8571285696463821, 0.8720296227615856, 0.8841649586594853, 0.8961123890609995, 0.9041058614361988, 0.910269919112791, 0.9161010651868644, 0.9540367497262937, 0.9698167800551336, 0.9733495410427815, 0.9740919859564701, 0.9748921236982401, 0.9772071417805591, 0.9771316583038465, 0.9776781488020592, 0.9789450647872349, 0.9786815590508716, 0.9877386441411873, 0.9896767274116443, 0.9914800763282297, 0.9916528539050598, 0.9940097124808871, 0.995089602885735, 0.9957393018573896, 0.9957631072479044], "val_loss": [0.01756811120277081, 0.01713435230656164, 0.01682035111978843, 0.016741170499701048, 0.01669737270408329, 0.016906027764756776, 0.017696748181227285, 0.018730448510725046, 0.020027568088689485, 0.022266432904602198, 0.024707637403621693, 0.027269416760701458, 0.030138396139836796, 0.03337364962286628, 0.03498416913022561, 0.03609494229368934, 0.03901460831347929, 0.03941427652729252, 0.04115587076457999, 0.04214850784229483, 0.04283986760169103, 0.045236394583986116, 0.045796738816993296, 0.04815755219176384, 0.05027476013354035, 0.052690119067699326, 0.05351322884852146, 0.05542178372826682, 0.05551267167391486, 0.05673869973299905, 0.05727273610363716, 0.05795444878999165, 0.05850807990871935, 0.05936440801017276, 0.06082600557939072, 0.06048799884228411, 0.06128625827540201, 0.061245965835071976, 0.06254185701405385, 0.06291078988552204], "val_acc": [0.9561315886676311, 0.9562389068305492, 0.9561563543975353, 0.9562925659120083, 0.9562801830470562, 0.9563173316419125, 0.9560944400727749, 0.9553184472024441, 0.9537045434117317, 0.9532463774085045, 0.9513848200440407, 0.9498575963079929, 0.9494241960346699, 0.9496470876038074, 0.946324348449707, 0.9488504566252232, 0.9467825144529343, 0.9477318711578846, 0.948161143809557, 0.9471870213747025, 0.9486399479210377, 0.9498204477131367, 0.9493581540882587, 0.9488628394901752, 0.949775043874979, 0.9506666101515293, 0.9491889216005802, 0.9489949233829975, 0.9489288814365864, 0.9483881630003452, 0.9479754008352757, 0.9484913535416126, 0.9488298185169697, 0.9491476453840733, 0.9511949494481087, 0.9490073062479496, 0.9492384530603886, 0.9496594704687595, 0.9501052536070347, 0.9511289075016975], "val_f1_macro": [0.008116883116883116, 0.013502837032248796, 0.01703185366427506, 0.0292371830085645, 0.03881473492753335, 0.06952275933418674, 0.06629346587752155, 0.06963427934159287, 0.10321378044748572, 0.10717713816313014, 0.1244360798119833, 0.1287290176780723, 0.12434065879310782, 0.1250975539149766, 0.12970111258833175, 0.1365960987002582, 0.13491445160466467, 0.13990426348087553, 0.12860307374711172, 0.13417805278922995, 0.13214620566893823, 0.1254447082680851, 0.14002845829299018, 0.1419523181088686, 0.13387377973652334, 0.12437028027619097, 0.13489418655027227, 0.14576073090347105, 0.1334721026449415, 0.1387638894379981, 0.14331801108871667, 0.13359497424147368, 0.13732965615527112, 0.13352023624638246, 0.13372108123816684, 0.13627647476294708, 0.13591986803588912, 0.13824945369198466, 0.1388704506738102, 0.13365186306045235], "val_f1_weighted": [0.018037180414344663, 0.030005742863239628, 0.02722951486160553, 0.05447413165962113, 0.0561179000763874, 0.10575049628999988, 0.09030416773329111, 0.09574098621992284, 0.1418072126994365, 0.15939430421874362, 0.179531384182914, 0.18717832159432227, 0.1855602884862332, 0.19198166864923902, 0.1939802444814172, 0.20581792868652038, 0.2033077064068255, 0.19877615594895454, 0.19950688930100813, 0.1931584917512713, 0.1917937966193719, 0.18662149642359782, 0.212587360877584, 0.20241619901217514, 0.19735549224820984, 0.19006332387367844, 0.19503216180930955, 0.2038960056288515, 0.19685512899394114, 0.19996507796223856, 0.21040005480412344, 0.19833624989682377, 0.205021140728089, 0.20124212035229935, 0.20037163071153544, 0.2065692572893067, 0.20615284224604358, 0.21084518404367494, 0.2019964851291762, 0.19239617265403725]}