{
  "Atelectasis": {
    "true_positives": 859,
    "true_negatives": 19964,
    "false_positives": 2353,
    "false_negatives": 2420,
    "total_samples": 25596,
    "sensitivity": 0.2619701128392803,
    "specificity": 0.894564681632836,
    "precision": 0.2674346201743462,
    "npv": 0.8918870621872766,
    "f1_score": 0.2646741642273918,
    "accuracy": 0.813525550867323,
    "fpr": 0.10543531836716405,
    "fnr": 0.7380298871607197,
    "auc": 0.6769406591591347,
    "auprc": 0.22802967964115398
  },
  "Consolidation": {
    "true_positives": 204,
    "true_negatives": 22655,
    "false_positives": 1126,
    "false_negatives": 1611,
    "total_samples": 25596,
    "sensitivity": 0.11239669421487604,
    "specificity": 0.9526512762289222,
    "precision": 0.15338345864661654,
    "npv": 0.933610813483887,
    "f1_score": 0.1297297297297297,
    "accuracy": 0.8930692295671199,
    "fpr": 0.04734872377107775,
    "fnr": 0.8876033057851239,
    "auc": 0.6427437094432519,
    "auprc": 0.116679919633597
  },
  "Infiltration": {
    "true_positives": 2658,
    "true_negatives": 13786,
    "false_positives": 5698,
    "false_negatives": 3454,
    "total_samples": 25596,
    "sensitivity": 0.4348821989528796,
    "specificity": 0.7075549168548553,
    "precision": 0.3180947821924366,
    "npv": 0.7996519721577726,
    "f1_score": 0.3674315731269008,
    "accuracy": 0.6424441318956087,
    "fpr": 0.2924450831451447,
    "fnr": 0.5651178010471204,
    "auc": 0.6087345102129711,
    "auprc": 0.316267048257324
  },
  "Pneumothorax": {
    "true_positives": 638,
    "true_negatives": 22110,
    "false_positives": 821,
    "false_negatives": 2027,
    "total_samples": 25596,
    "sensitivity": 0.23939962476547844,
    "specificity": 0.964196938642013,
    "precision": 0.43728581220013707,
    "npv": 0.9160210465260803,
    "f1_score": 0.3094083414161009,
    "accuracy": 0.8887326144710112,
    "fpr": 0.035803061357987005,
    "fnr": 0.7606003752345216,
    "auc": 0.7916488759859805,
    "auprc": 0.31971457391144115
  },
  "Edema": {
    "true_positives": 133,
    "true_negatives": 24023,
    "false_positives": 648,
    "false_negatives": 792,
    "total_samples": 25596,
    "sensitivity": 0.1437837837837838,
    "specificity": 0.9737343439666004,
    "precision": 0.1702944942381562,
    "npv": 0.968083820269998,
    "f1_score": 0.1559202813599062,
    "accuracy": 0.9437412095639943,
    "fpr": 0.02626565603339954,
    "fnr": 0.8562162162162162,
    "auc": 0.7638701090129894,
    "auprc": 0.11327048399283558
  },
  "Emphysema": {
    "true_positives": 303,
    "true_negatives": 23922,
    "false_positives": 581,
    "false_negatives": 790,
    "total_samples": 25596,
    "sensitivity": 0.27721866422689845,
    "specificity": 0.9762886177202792,
    "precision": 0.3427601809954751,
    "npv": 0.9680317254775008,
    "f1_score": 0.30652503793626706,
    "accuracy": 0.9464369432723863,
    "fpr": 0.02371138227972085,
    "fnr": 0.7227813357731016,
    "auc": 0.8333565891944669,
    "auprc": 0.2398061349871364
  },
  "Fibrosis": {
    "true_positives": 26,
    "true_negatives": 24899,
    "false_positives": 262,
    "false_negatives": 409,
    "total_samples": 25596,
    "sensitivity": 0.059770114942528735,
    "specificity": 0.9895870593378642,
    "precision": 0.09027777777777778,
    "npv": 0.9838391022601549,
    "f1_score": 0.07192254495159059,
    "accuracy": 0.9737849664010002,
    "fpr": 0.010412940662135845,
    "fnr": 0.9402298850574713,
    "auc": 0.7202944988298348,
    "auprc": 0.047144514928504244
  },
  "Effusion": {
    "true_positives": 2141,
    "true_negatives": 17756,
    "false_positives": 3182,
    "false_negatives": 2517,
    "total_samples": 25596,
    "sensitivity": 0.4596393301846286,
    "specificity": 0.848027509790811,
    "precision": 0.40221679504039076,
    "npv": 0.8758447195777636,
    "f1_score": 0.4290151287446147,
    "accuracy": 0.7773480231286138,
    "fpr": 0.15197249020918904,
    "fnr": 0.5403606698153715,
    "auc": 0.7546929891891663,
    "auprc": 0.3936638801611201
  },
  "Pneumonia": {
    "true_positives": 14,
    "true_negatives": 24835,
    "false_positives": 206,
    "false_negatives": 541,
    "total_samples": 25596,
    "sensitivity": 0.025225225225225224,
    "specificity": 0.9917734914739826,
    "precision": 0.06363636363636363,
    "npv": 0.9786806431273645,
    "f1_score": 0.03612903225806451,
    "accuracy": 0.9708157524613221,
    "fpr": 0.00822650852601733,
    "fnr": 0.9747747747747748,
    "auc": 0.5956568165146097,
    "auprc": 0.03198671176496792
  },
  "Pleural_Thickening": {
    "true_positives": 124,
    "true_negatives": 23803,
    "false_positives": 650,
    "false_negatives": 1019,
    "total_samples": 25596,
    "sensitivity": 0.1084864391951006,
    "specificity": 0.9734183944710261,
    "precision": 0.16020671834625322,
    "npv": 0.9589477076786721,
    "f1_score": 0.12936880542514345,
    "accuracy": 0.9347944991404907,
    "fpr": 0.02658160552897395,
    "fnr": 0.8915135608048994,
    "auc": 0.6951288058485185,
    "auprc": 0.09816479237659512
  },
  "Cardiomegaly": {
    "true_positives": 246,
    "true_negatives": 24099,
    "false_positives": 428,
    "false_negatives": 823,
    "total_samples": 25596,
    "sensitivity": 0.23012160898035547,
    "specificity": 0.98254984303013,
    "precision": 0.3649851632047478,
    "npv": 0.9669769681405986,
    "f1_score": 0.28227194492254737,
    "accuracy": 0.9511251758087201,
    "fpr": 0.01745015696986994,
    "fnr": 0.7698783910196445,
    "auc": 0.8344254587725873,
    "auprc": 0.2589071180321997
  },
  "Nodule": {
    "true_positives": 200,
    "true_negatives": 22899,
    "false_positives": 1074,
    "false_negatives": 1423,
    "total_samples": 25596,
    "sensitivity": 0.12322858903265557,
    "specificity": 0.9551995995494932,
    "precision": 0.15698587127158556,
    "npv": 0.9414932982484993,
    "f1_score": 0.1380738695201933,
    "accuracy": 0.9024456946397875,
    "fpr": 0.04480040045050682,
    "fnr": 0.8767714109673445,
    "auc": 0.6353369814608902,
    "auprc": 0.1094030858426925
  },
  "Mass": {
    "true_positives": 288,
    "true_negatives": 23066,
    "false_positives": 782,
    "false_negatives": 1460,
    "total_samples": 25596,
    "sensitivity": 0.16475972540045766,
    "specificity": 0.9672089902717209,
    "precision": 0.2691588785046729,
    "npv": 0.9404713365408138,
    "f1_score": 0.20440028388928316,
    "accuracy": 0.9124081887794968,
    "fpr": 0.0327910097282791,
    "fnr": 0.8352402745995423,
    "auc": 0.7003092670436794,
    "auprc": 0.1712236957529876
  },
  "Hernia": {
    "true_positives": 15,
    "true_negatives": 25498,
    "false_positives": 12,
    "false_negatives": 71,
    "total_samples": 25596,
    "sensitivity": 0.1744186046511628,
    "specificity": 0.9995295962367698,
    "precision": 0.5555555555555556,
    "npv": 0.9972231999687121,
    "f1_score": 0.26548672566371684,
    "accuracy": 0.9967573058290358,
    "fpr": 0.00047040376323010584,
    "fnr": 0.8255813953488372,
    "auc": 0.7826114701940872,
    "auprc": 0.19310110340527298
  }
}