{
  "Atelectasis": {
    "true_positives": 863,
    "true_negatives": 19665,
    "false_positives": 2652,
    "false_negatives": 2416,
    "total_samples": 25596,
    "sensitivity": 0.2631899969502897,
    "specificity": 0.881166823497782,
    "precision": 0.24551920341394026,
    "npv": 0.8905846655495675,
    "f1_score": 0.2540476891374743,
    "accuracy": 0.8020003125488357,
    "fpr": 0.11883317650221804,
    "fnr": 0.7368100030497102
  },
  "Consolidation": {
    "true_positives": 224,
    "true_negatives": 22450,
    "false_positives": 1331,
    "false_negatives": 1591,
    "total_samples": 25596,
    "sensitivity": 0.12341597796143251,
    "specificity": 0.9440309490769943,
    "precision": 0.1440514469453376,
    "npv": 0.9338213884613785,
    "f1_score": 0.13293768545994067,
    "accuracy": 0.885841537740272,
    "fpr": 0.05596905092300576,
    "fnr": 0.8765840220385674
  },
  "Infiltration": {
    "true_positives": 2314,
    "true_negatives": 14521,
    "false_positives": 4963,
    "false_negatives": 3798,
    "total_samples": 25596,
    "sensitivity": 0.3785994764397906,
    "specificity": 0.7452781769657154,
    "precision": 0.3179881819431084,
    "npv": 0.792674272613134,
    "f1_score": 0.3456568825154978,
    "accuracy": 0.657719956243163,
    "fpr": 0.25472182303428453,
    "fnr": 0.6214005235602095
  },
  "Pneumothorax": {
    "true_positives": 493,
    "true_negatives": 22150,
    "false_positives": 781,
    "false_negatives": 2172,
    "total_samples": 25596,
    "sensitivity": 0.1849906191369606,
    "specificity": 0.9659413021673717,
    "precision": 0.3869701726844584,
    "npv": 0.9106981333771894,
    "f1_score": 0.2503173394262503,
    "accuracy": 0.884630411001719,
    "fpr": 0.03405869783262832,
    "fnr": 0.8150093808630394
  },
  "Edema": {
    "true_positives": 125,
    "true_negatives": 24029,
    "false_positives": 642,
    "false_negatives": 800,
    "total_samples": 25596,
    "sensitivity": 0.13513513513513514,
    "specificity": 0.9739775444854283,
    "precision": 0.16297262059973924,
    "npv": 0.9677796125498409,
    "f1_score": 0.14775413711583926,
    "accuracy": 0.9436630723550555,
    "fpr": 0.026022455514571764,
    "fnr": 0.8648648648648649
  },
  "Emphysema": {
    "true_positives": 235,
    "true_negatives": 23946,
    "false_positives": 557,
    "false_negatives": 858,
    "total_samples": 25596,
    "sensitivity": 0.21500457456541627,
    "specificity": 0.977268089621679,
    "precision": 0.2967171717171717,
    "npv": 0.9654088050314465,
    "f1_score": 0.24933687002652516,
    "accuracy": 0.9447179246757306,
    "fpr": 0.02273191037832102,
    "fnr": 0.7849954254345837
  },
  "Fibrosis": {
    "true_positives": 18,
    "true_negatives": 24942,
    "false_positives": 219,
    "false_negatives": 417,
    "total_samples": 25596,
    "sensitivity": 0.041379310344827586,
    "specificity": 0.9912960534160009,
    "precision": 0.0759493670886076,
    "npv": 0.9835561339169525,
    "f1_score": 0.05357142857142857,
    "accuracy": 0.9751523675574308,
    "fpr": 0.008703946583999046,
    "fnr": 0.9586206896551724
  },
  "Effusion": {
    "true_positives": 1812,
    "true_negatives": 18331,
    "false_positives": 2607,
    "false_negatives": 2846,
    "total_samples": 25596,
    "sensitivity": 0.38900815800772864,
    "specificity": 0.8754895405482854,
    "precision": 0.41004752206381534,
    "npv": 0.8656089153326723,
    "f1_score": 0.39925085380632364,
    "accuracy": 0.7869588998280982,
    "fpr": 0.12451045945171459,
    "fnr": 0.6109918419922714
  },
  "Pneumonia": {
    "true_positives": 5,
    "true_negatives": 24824,
    "false_positives": 217,
    "false_negatives": 550,
    "total_samples": 25596,
    "sensitivity": 0.009009009009009009,
    "specificity": 0.9913342118924963,
    "precision": 0.02252252252252252,
    "npv": 0.9783242689367069,
    "f1_score": 0.012870012870012871,
    "accuracy": 0.9700343803719331,
    "fpr": 0.008665788107503694,
    "fnr": 0.990990990990991
  },
  "Pleural_Thickening": {
    "true_positives": 100,
    "true_negatives": 23904,
    "false_positives": 549,
    "false_negatives": 1043,
    "total_samples": 25596,
    "sensitivity": 0.08748906386701662,
    "specificity": 0.9775487670224512,
    "precision": 0.15408320493066255,
    "npv": 0.958191365695274,
    "f1_score": 0.11160714285714285,
    "accuracy": 0.9378027816846383,
    "fpr": 0.022451232977548766,
    "fnr": 0.9125109361329834
  },
  "Cardiomegaly": {
    "true_positives": 233,
    "true_negatives": 24066,
    "false_positives": 461,
    "false_negatives": 836,
    "total_samples": 25596,
    "sensitivity": 0.21796071094480823,
    "specificity": 0.9812043870020793,
    "precision": 0.3357348703170029,
    "npv": 0.9664283993253554,
    "f1_score": 0.26432217810550196,
    "accuracy": 0.9493280200031254,
    "fpr": 0.01879561299792066,
    "fnr": 0.7820392890551918
  },
  "Nodule": {
    "true_positives": 144,
    "true_negatives": 23084,
    "false_positives": 889,
    "false_negatives": 1479,
    "total_samples": 25596,
    "sensitivity": 0.08872458410351201,
    "specificity": 0.9629166145246736,
    "precision": 0.1393998063891578,
    "npv": 0.9397874852420307,
    "f1_score": 0.10843373493975905,
    "accuracy": 0.9074855446163463,
    "fpr": 0.03708338547532641,
    "fnr": 0.911275415896488
  },
  "Mass": {
    "true_positives": 347,
    "true_negatives": 22585,
    "false_positives": 1263,
    "false_negatives": 1401,
    "total_samples": 25596,
    "sensitivity": 0.19851258581235698,
    "specificity": 0.947039584032204,
    "precision": 0.21552795031055902,
    "npv": 0.9415909280413575,
    "f1_score": 0.20667063728409765,
    "accuracy": 0.8959212376933896,
    "fpr": 0.05296041596779604,
    "fnr": 0.801487414187643
  },
  "Hernia": {
    "true_positives": 6,
    "true_negatives": 25485,
    "false_positives": 25,
    "false_negatives": 80,
    "total_samples": 25596,
    "sensitivity": 0.06976744186046512,
    "specificity": 0.9990199921599373,
    "precision": 0.1935483870967742,
    "npv": 0.9968707216898103,
    "f1_score": 0.10256410256410256,
    "accuracy": 0.9958977965307079,
    "fpr": 0.0009800078400627205,
    "fnr": 0.9302325581395349
  }
}