{
  "Atelectasis": {
    "true_positives": 556,
    "true_negatives": 20812,
    "false_positives": 1505,
    "false_negatives": 2723,
    "total_samples": 25596,
    "sensitivity": 0.1695638914303141,
    "specificity": 0.9325626204238922,
    "precision": 0.269771955361475,
    "npv": 0.8842999787550456,
    "f1_score": 0.2082397003745318,
    "accuracy": 0.8348179403031724,
    "fpr": 0.0674373795761079,
    "fnr": 0.8304361085696859,
    "auc": 0.6517165269084355,
    "auprc": 0.2138468126608997
  },
  "Consolidation": {
    "true_positives": 130,
    "true_negatives": 22895,
    "false_positives": 886,
    "false_negatives": 1685,
    "total_samples": 25596,
    "sensitivity": 0.07162534435261708,
    "specificity": 0.9627433665531306,
    "precision": 0.1279527559055118,
    "npv": 0.9314483319772172,
    "f1_score": 0.09184033910279053,
    "accuracy": 0.8995546179090483,
    "fpr": 0.03725663344686935,
    "fnr": 0.928374655647383,
    "auc": 0.6143951644152339,
    "auprc": 0.10412635277095314
  },
  "Infiltration": {
    "true_positives": 2191,
    "true_negatives": 15015,
    "false_positives": 4469,
    "false_negatives": 3921,
    "total_samples": 25596,
    "sensitivity": 0.35847513089005234,
    "specificity": 0.7706323136932868,
    "precision": 0.328978978978979,
    "npv": 0.7929340937896071,
    "f1_score": 0.34309426871280924,
    "accuracy": 0.6722144085013283,
    "fpr": 0.2293676863067132,
    "fnr": 0.6415248691099477,
    "auc": 0.6000301898940303,
    "auprc": 0.3114460110516516
  },
  "Pneumothorax": {
    "true_positives": 655,
    "true_negatives": 21967,
    "false_positives": 964,
    "false_negatives": 2010,
    "total_samples": 25596,
    "sensitivity": 0.24577861163227016,
    "specificity": 0.9579608390388556,
    "precision": 0.4045707226683138,
    "npv": 0.9161696625933186,
    "f1_score": 0.3057889822595705,
    "accuracy": 0.8838099703078606,
    "fpr": 0.0420391609611443,
    "fnr": 0.7542213883677298,
    "auc": 0.7512239794675649,
    "auprc": 0.2957963324935676
  },
  "Edema": {
    "true_positives": 131,
    "true_negatives": 24024,
    "false_positives": 647,
    "false_negatives": 794,
    "total_samples": 25596,
    "sensitivity": 0.14162162162162162,
    "specificity": 0.9737748773864051,
    "precision": 0.16838046272493573,
    "npv": 0.9680070916270449,
    "f1_score": 0.15384615384615383,
    "accuracy": 0.9437021409595249,
    "fpr": 0.026225122613594908,
    "fnr": 0.8583783783783784,
    "auc": 0.7376870973360778,
    "auprc": 0.11044488005788883
  },
  "Emphysema": {
    "true_positives": 228,
    "true_negatives": 24014,
    "false_positives": 489,
    "false_negatives": 865,
    "total_samples": 25596,
    "sensitivity": 0.20860018298261665,
    "specificity": 0.9800432600089785,
    "precision": 0.3179916317991632,
    "npv": 0.9652317215322159,
    "f1_score": 0.25193370165745854,
    "accuracy": 0.9471011095483669,
    "fpr": 0.01995673999102151,
    "fnr": 0.7913998170173834,
    "auc": 0.776009054514265,
    "auprc": 0.20285618073818903
  },
  "Fibrosis": {
    "true_positives": 16,
    "true_negatives": 25070,
    "false_positives": 91,
    "false_negatives": 419,
    "total_samples": 25596,
    "sensitivity": 0.0367816091954023,
    "specificity": 0.9963832916020826,
    "precision": 0.14953271028037382,
    "npv": 0.9835615363490133,
    "f1_score": 0.05904059040590405,
    "accuracy": 0.9800750117205813,
    "fpr": 0.003616708397917412,
    "fnr": 0.9632183908045977,
    "auc": 0.6701379209842636,
    "auprc": 0.0481027212366599
  },
  "Effusion": {
    "true_positives": 2034,
    "true_negatives": 17945,
    "false_positives": 2993,
    "false_negatives": 2624,
    "total_samples": 25596,
    "sensitivity": 0.43666809789609273,
    "specificity": 0.8570541599006591,
    "precision": 0.4046150785756913,
    "npv": 0.8724293840245029,
    "f1_score": 0.42003097573567366,
    "accuracy": 0.7805516486951086,
    "fpr": 0.14294584009934092,
    "fnr": 0.5633319021039073,
    "auc": 0.7404552845525121,
    "auprc": 0.3860525504224121
  },
  "Pneumonia": {
    "true_positives": 14,
    "true_negatives": 24859,
    "false_positives": 182,
    "false_negatives": 541,
    "total_samples": 25596,
    "sensitivity": 0.025225225225225224,
    "specificity": 0.9927319196517711,
    "precision": 0.07142857142857142,
    "npv": 0.9787007874015748,
    "f1_score": 0.037283621837549935,
    "accuracy": 0.9717533989685888,
    "fpr": 0.007268080348228905,
    "fnr": 0.9747747747747748,
    "auc": 0.5697947258388135,
    "auprc": 0.03217702451001841
  },
  "Pleural_Thickening": {
    "true_positives": 95,
    "true_negatives": 23890,
    "false_positives": 563,
    "false_negatives": 1048,
    "total_samples": 25596,
    "sensitivity": 0.0831146106736658,
    "specificity": 0.9769762401341349,
    "precision": 0.14437689969604864,
    "npv": 0.9579757799342369,
    "f1_score": 0.10549694614103276,
    "accuracy": 0.9370604781997187,
    "fpr": 0.023023759865865127,
    "fnr": 0.9168853893263342,
    "auc": 0.6556899609116766,
    "auprc": 0.09072481328301274
  },
  "Cardiomegaly": {
    "true_positives": 232,
    "true_negatives": 24055,
    "false_positives": 472,
    "false_negatives": 837,
    "total_samples": 25596,
    "sensitivity": 0.21702525724976612,
    "specificity": 0.9807559016593957,
    "precision": 0.32954545454545453,
    "npv": 0.9663747388719267,
    "f1_score": 0.2617033276931754,
    "accuracy": 0.9488591967494922,
    "fpr": 0.019244098340604233,
    "fnr": 0.7829747427502338,
    "auc": 0.79090197576501,
    "auprc": 0.22005136668866054
  },
  "Nodule": {
    "true_positives": 181,
    "true_negatives": 23109,
    "false_positives": 864,
    "false_negatives": 1442,
    "total_samples": 25596,
    "sensitivity": 0.1115218730745533,
    "specificity": 0.9639594543861845,
    "precision": 0.17320574162679425,
    "npv": 0.9412651215836422,
    "f1_score": 0.13568215892053972,
    "accuracy": 0.9099077980934521,
    "fpr": 0.03604054561381554,
    "fnr": 0.8884781269254467,
    "auc": 0.6041310363047317,
    "auprc": 0.10530790395245535
  },
  "Mass": {
    "true_positives": 336,
    "true_negatives": 22794,
    "false_positives": 1054,
    "false_negatives": 1412,
    "total_samples": 25596,
    "sensitivity": 0.19221967963386727,
    "specificity": 0.9558034216705803,
    "precision": 0.24172661870503598,
    "npv": 0.9416673552011898,
    "f1_score": 0.21414913957934992,
    "accuracy": 0.9036568213783404,
    "fpr": 0.04419657832941966,
    "fnr": 0.8077803203661327,
    "auc": 0.6869363976235456,
    "auprc": 0.1665221152800628
  },
  "Hernia": {
    "true_positives": 10,
    "true_negatives": 25505,
    "false_positives": 5,
    "false_negatives": 76,
    "total_samples": 25596,
    "sensitivity": 0.11627906976744186,
    "specificity": 0.9998039984319874,
    "precision": 0.6666666666666666,
    "npv": 0.9970290449943318,
    "f1_score": 0.19801980198019803,
    "accuracy": 0.9968354430379747,
    "fpr": 0.0001960015680125441,
    "fnr": 0.8837209302325582,
    "auc": 0.7445971939868542,
    "auprc": 0.13418470223316795
  }
}