{
  "Atelectasis": {
    "true_positives": 1032,
    "true_negatives": 19544,
    "false_positives": 2773,
    "false_negatives": 2247,
    "total_samples": 25596,
    "sensitivity": 0.31473010064043916,
    "specificity": 0.875744947797643,
    "precision": 0.2712220762155059,
    "npv": 0.896884034693222,
    "f1_score": 0.29136081309994355,
    "accuracy": 0.8038756055633692,
    "fpr": 0.12425505220235694,
    "fnr": 0.6852698993595608,
    "auc": 0.6867085257406439,
    "auprc": 0.24610785930741508
  },
  "Consolidation": {
    "true_positives": 252,
    "true_negatives": 22405,
    "false_positives": 1376,
    "false_negatives": 1563,
    "total_samples": 25596,
    "sensitivity": 0.13884297520661157,
    "specificity": 0.9421386821412052,
    "precision": 0.1547911547911548,
    "npv": 0.9347880507343124,
    "f1_score": 0.14638396747022941,
    "accuracy": 0.8851773714642913,
    "fpr": 0.057861317858794836,
    "fnr": 0.8611570247933884,
    "auc": 0.6533320637131548,
    "auprc": 0.12008210004571798
  },
  "Infiltration": {
    "true_positives": 2878,
    "true_negatives": 13633,
    "false_positives": 5851,
    "false_negatives": 3234,
    "total_samples": 25596,
    "sensitivity": 0.4708769633507853,
    "specificity": 0.6997023198521864,
    "precision": 0.3297055791041356,
    "npv": 0.8082646588012095,
    "f1_score": 0.38784448487298695,
    "accuracy": 0.6450617283950617,
    "fpr": 0.3002976801478136,
    "fnr": 0.5291230366492147,
    "auc": 0.6230479645468264,
    "auprc": 0.3190568735121141
  },
  "Pneumothorax": {
    "true_positives": 890,
    "true_negatives": 21680,
    "false_positives": 1251,
    "false_negatives": 1775,
    "total_samples": 25596,
    "sensitivity": 0.3339587242026266,
    "specificity": 0.9454450307444071,
    "precision": 0.41569360112097153,
    "npv": 0.9243231720315498,
    "f1_score": 0.37037037037037035,
    "accuracy": 0.8817784028754493,
    "fpr": 0.05455496925559287,
    "fnr": 0.6660412757973734,
    "auc": 0.8015774380814358,
    "auprc": 0.33531199752348695
  },
  "Edema": {
    "true_positives": 184,
    "true_negatives": 23769,
    "false_positives": 902,
    "false_negatives": 741,
    "total_samples": 25596,
    "sensitivity": 0.1989189189189189,
    "specificity": 0.9634388553362248,
    "precision": 0.1694290976058932,
    "npv": 0.9697674418604652,
    "f1_score": 0.18299353555445053,
    "accuracy": 0.9358102828566963,
    "fpr": 0.03656114466377528,
    "fnr": 0.8010810810810811,
    "auc": 0.7730420769762508,
    "auprc": 0.12303250015285025
  },
  "Emphysema": {
    "true_positives": 470,
    "true_negatives": 23784,
    "false_positives": 719,
    "false_negatives": 623,
    "total_samples": 25596,
    "sensitivity": 0.43000914913083255,
    "specificity": 0.9706566542872301,
    "precision": 0.3952901597981497,
    "npv": 0.9744745359937723,
    "f1_score": 0.4119193689745837,
    "accuracy": 0.9475699328020003,
    "fpr": 0.029343345712769864,
    "fnr": 0.5699908508691675,
    "auc": 0.8596416055856484,
    "auprc": 0.3369158212467363
  },
  "Fibrosis": {
    "true_positives": 28,
    "true_negatives": 24926,
    "false_positives": 235,
    "false_negatives": 407,
    "total_samples": 25596,
    "sensitivity": 0.06436781609195402,
    "specificity": 0.9906601486427408,
    "precision": 0.10646387832699619,
    "npv": 0.9839339991315675,
    "f1_score": 0.08022922636103151,
    "accuracy": 0.9749179559306141,
    "fpr": 0.00933985135725925,
    "fnr": 0.9356321839080459,
    "auc": 0.7139152136105549,
    "auprc": 0.053218011776364565
  },
  "Effusion": {
    "true_positives": 2274,
    "true_negatives": 17713,
    "false_positives": 3225,
    "false_negatives": 2384,
    "total_samples": 25596,
    "sensitivity": 0.48819235723486476,
    "specificity": 0.8459738274906868,
    "precision": 0.4135297326786688,
    "npv": 0.8813753296511917,
    "f1_score": 0.4477700108299695,
    "accuracy": 0.7808641975308642,
    "fpr": 0.15402617250931322,
    "fnr": 0.5118076427651352,
    "auc": 0.7658004826943938,
    "auprc": 0.40743527537957347
  },
  "Pneumonia": {
    "true_positives": 14,
    "true_negatives": 24774,
    "false_positives": 267,
    "false_negatives": 541,
    "total_samples": 25596,
    "sensitivity": 0.025225225225225224,
    "specificity": 0.9893374865221037,
    "precision": 0.0498220640569395,
    "npv": 0.9786292711830931,
    "f1_score": 0.03349282296650718,
    "accuracy": 0.9684325675886857,
    "fpr": 0.01066251347789625,
    "fnr": 0.9747747747747748,
    "auc": 0.5876858888360026,
    "auprc": 0.0324290666384594
  },
  "Pleural_Thickening": {
    "true_positives": 128,
    "true_negatives": 23762,
    "false_positives": 691,
    "false_negatives": 1015,
    "total_samples": 25596,
    "sensitivity": 0.11198600174978128,
    "specificity": 0.9717417085838138,
    "precision": 0.1562881562881563,
    "npv": 0.9590345885296848,
    "f1_score": 0.1304791029561672,
    "accuracy": 0.9333489607751211,
    "fpr": 0.028258291416186153,
    "fnr": 0.8880139982502188,
    "auc": 0.6757504773114664,
    "auprc": 0.09849482541691336
  },
  "Cardiomegaly": {
    "true_positives": 339,
    "true_negatives": 23951,
    "false_positives": 576,
    "false_negatives": 730,
    "total_samples": 25596,
    "sensitivity": 0.31711880261927033,
    "specificity": 0.9765156766012966,
    "precision": 0.3704918032786885,
    "npv": 0.9704225922774604,
    "f1_score": 0.34173387096774194,
    "accuracy": 0.9489764025629005,
    "fpr": 0.02348432339870347,
    "fnr": 0.6828811973807296,
    "auc": 0.8074112441251909,
    "auprc": 0.26365389812084916
  },
  "Nodule": {
    "true_positives": 294,
    "true_negatives": 22555,
    "false_positives": 1418,
    "false_negatives": 1329,
    "total_samples": 25596,
    "sensitivity": 0.18114602587800369,
    "specificity": 0.9408501230551036,
    "precision": 0.17172897196261683,
    "npv": 0.9443560542622677,
    "f1_score": 0.17631184407796102,
    "accuracy": 0.8926785435224254,
    "fpr": 0.05914987694489634,
    "fnr": 0.8188539741219963,
    "auc": 0.6520210570636061,
    "auprc": 0.1258892248886411
  },
  "Mass": {
    "true_positives": 462,
    "true_negatives": 22663,
    "false_positives": 1185,
    "false_negatives": 1286,
    "total_samples": 25596,
    "sensitivity": 0.2643020594965675,
    "specificity": 0.950310298557531,
    "precision": 0.28051001821493626,
    "npv": 0.9463025596058291,
    "f1_score": 0.2721649484536082,
    "accuracy": 0.9034614783559931,
    "fpr": 0.04968970144246897,
    "fnr": 0.7356979405034325,
    "auc": 0.7310902640828989,
    "auprc": 0.20677739206049545
  },
  "Hernia": {
    "true_positives": 25,
    "true_negatives": 25496,
    "false_positives": 14,
    "false_negatives": 61,
    "total_samples": 25596,
    "sensitivity": 0.29069767441860467,
    "specificity": 0.9994511956095649,
    "precision": 0.6410256410256411,
    "npv": 0.9976131783855695,
    "f1_score": 0.4000000000000001,
    "accuracy": 0.9970698546647914,
    "fpr": 0.0005488043904351235,
    "fnr": 0.7093023255813954,
    "auc": 0.8704502566253088,
    "auprc": 0.2712422218220273
  }
}