{
  "Atelectasis": {
    "true_positives": 450,
    "true_negatives": 21360,
    "false_positives": 957,
    "false_negatives": 2829,
    "total_samples": 25596,
    "sensitivity": 0.1372369624885636,
    "specificity": 0.9571178921898105,
    "precision": 0.31982942430703626,
    "npv": 0.8830460126503783,
    "f1_score": 0.19206145966709348,
    "accuracy": 0.8520862634786686,
    "fpr": 0.04288210781018954,
    "fnr": 0.8627630375114365
  },
  "Consolidation": {
    "true_positives": 30,
    "true_negatives": 23636,
    "false_positives": 145,
    "false_negatives": 1785,
    "total_samples": 25596,
    "sensitivity": 0.01652892561983471,
    "specificity": 0.9939026954291241,
    "precision": 0.17142857142857143,
    "npv": 0.9297824633177294,
    "f1_score": 0.030150753768844223,
    "accuracy": 0.9245975933739646,
    "fpr": 0.0060973045708759095,
    "fnr": 0.9834710743801653
  },
  "Infiltration": {
    "true_positives": 1105,
    "true_negatives": 17467,
    "false_positives": 2017,
    "false_negatives": 5007,
    "total_samples": 25596,
    "sensitivity": 0.18079188481675393,
    "specificity": 0.8964791623896531,
    "precision": 0.3539397821909033,
    "npv": 0.7772092195425825,
    "f1_score": 0.23933290015161363,
    "accuracy": 0.7255821222065948,
    "fpr": 0.10352083761034696,
    "fnr": 0.8192081151832461
  },
  "Pneumothorax": {
    "true_positives": 399,
    "true_negatives": 22382,
    "false_positives": 549,
    "false_negatives": 2266,
    "total_samples": 25596,
    "sensitivity": 0.149718574108818,
    "specificity": 0.9760586106144521,
    "precision": 0.4208860759493671,
    "npv": 0.9080655631288542,
    "f1_score": 0.22086908386382506,
    "accuracy": 0.8900218784185029,
    "fpr": 0.023941389385547948,
    "fnr": 0.8502814258911819
  },
  "Edema": {
    "true_positives": 58,
    "true_negatives": 24435,
    "false_positives": 236,
    "false_negatives": 867,
    "total_samples": 25596,
    "sensitivity": 0.0627027027027027,
    "specificity": 0.9904341129261076,
    "precision": 0.19727891156462585,
    "npv": 0.9657339340763575,
    "f1_score": 0.09515996718621819,
    "accuracy": 0.9569073292701985,
    "fpr": 0.009565887073892424,
    "fnr": 0.9372972972972973
  },
  "Emphysema": {
    "true_positives": 164,
    "true_negatives": 24091,
    "false_positives": 412,
    "false_negatives": 929,
    "total_samples": 25596,
    "sensitivity": 0.15004574565416284,
    "specificity": 0.983185732359303,
    "precision": 0.2847222222222222,
    "npv": 0.9628697042366107,
    "f1_score": 0.19652486518873574,
    "accuracy": 0.9476090014064698,
    "fpr": 0.01681426764069706,
    "fnr": 0.8499542543458372
  },
  "Fibrosis": {
    "true_positives": 1,
    "true_negatives": 25114,
    "false_positives": 47,
    "false_negatives": 434,
    "total_samples": 25596,
    "sensitivity": 0.0022988505747126436,
    "specificity": 0.9981320297285482,
    "precision": 0.020833333333333332,
    "npv": 0.9830123688742759,
    "f1_score": 0.004140786749482401,
    "accuracy": 0.9812080012501954,
    "fpr": 0.00186797027145185,
    "fnr": 0.9977011494252873
  },
  "Effusion": {
    "true_positives": 1479,
    "true_negatives": 19194,
    "false_positives": 1744,
    "false_negatives": 3179,
    "total_samples": 25596,
    "sensitivity": 0.3175182481751825,
    "specificity": 0.9167064667112427,
    "precision": 0.45888923363326095,
    "npv": 0.8579090868457516,
    "f1_score": 0.37533307955843165,
    "accuracy": 0.8076652601969058,
    "fpr": 0.08329353328875728,
    "fnr": 0.6824817518248175
  },
  "Pneumonia": {
    "true_positives": 1,
    "true_negatives": 25033,
    "false_positives": 8,
    "false_negatives": 554,
    "total_samples": 25596,
    "sensitivity": 0.0018018018018018018,
    "specificity": 0.9996805239407371,
    "precision": 0.1111111111111111,
    "npv": 0.9783483800367374,
    "f1_score": 0.0035460992907801418,
    "accuracy": 0.97804344428817,
    "fpr": 0.000319476059262809,
    "fnr": 0.9981981981981982
  },
  "Pleural_thickening": {
    "true_positives": 0,
    "true_negatives": 25596,
    "false_positives": 0,
    "false_negatives": 0,
    "total_samples": 25596,
    "sensitivity": 0.0,
    "specificity": 1.0,
    "precision": 0.0,
    "npv": 1.0,
    "f1_score": 0.0,
    "accuracy": 1.0,
    "fpr": 0.0,
    "fnr": 0.0
  },
  "Cardiomegaly": {
    "true_positives": 130,
    "true_negatives": 24286,
    "false_positives": 241,
    "false_negatives": 939,
    "total_samples": 25596,
    "sensitivity": 0.1216089803554724,
    "specificity": 0.9901740938557508,
    "precision": 0.3504043126684636,
    "npv": 0.9627750247770069,
    "f1_score": 0.18055555555555555,
    "accuracy": 0.953899046726051,
    "fpr": 0.009825906144249195,
    "fnr": 0.8783910196445276
  },
  "Nodule": {
    "true_positives": 85,
    "true_negatives": 23530,
    "false_positives": 443,
    "false_negatives": 1538,
    "total_samples": 25596,
    "sensitivity": 0.05237215033887862,
    "specificity": 0.9815208776540274,
    "precision": 0.16098484848484848,
    "npv": 0.9386468804850806,
    "f1_score": 0.0790330079033008,
    "accuracy": 0.9226050945460228,
    "fpr": 0.018479122345972553,
    "fnr": 0.9476278496611213
  },
  "Mass": {
    "true_positives": 238,
    "true_negatives": 23254,
    "false_positives": 594,
    "false_negatives": 1510,
    "total_samples": 25596,
    "sensitivity": 0.13615560640732266,
    "specificity": 0.9750922509225092,
    "precision": 0.2860576923076923,
    "npv": 0.9390243902439024,
    "f1_score": 0.18449612403100776,
    "accuracy": 0.9177996561962807,
    "fpr": 0.024907749077490774,
    "fnr": 0.8638443935926774
  },
  "Hernia": {
    "true_positives": 0,
    "true_negatives": 25507,
    "false_positives": 3,
    "false_negatives": 86,
    "total_samples": 25596,
    "sensitivity": 0.0,
    "specificity": 0.9998823990591925,
    "precision": 0.0,
    "npv": 0.9966397061696558,
    "f1_score": 0.0,
    "accuracy": 0.9965228942022191,
    "fpr": 0.00011760094080752646,
    "fnr": 1.0
  }
}