{
    "train_loss": [
        0.24680486623741782,
        0.13570221559989806,
        0.12963864503535072,
        0.12373737585618955,
        0.11652328708345094,
        0.10733827935659125,
        0.09641703290007526,
        0.08517198624905344,
        0.07367515718898358,
        0.06276037564928094
    ],
    "train_acc": [
        0.9274548888206482,
        0.9579533264040947,
        0.9583671279251575,
        0.9591936990618706,
        0.9604454189538956,
        0.9625247418880463,
        0.9656349532306194,
        0.9691321328282356,
        0.9730121586471796,
        0.976951003074646
    ],
    "val_loss": [
        0.14054808348362194, NaN,
        0.13318967515544178, NaN,
        0.14093704962355813,
        0.13897926321118906,
        0.14795188854367589,
        0.1571161527110887,
        0.16911504727524881,
        0.18355464108990655
    ],
    "val_acc": [
        0.9575184695422649,
        0.9573698751628399,
        0.957477193325758,
        0.9574400447309017,
        0.9559871219098568,
        0.9558798037469387,
        0.9550542794167995,
        0.9520369842648506,
        0.9507739283144474,
        0.9514838829636574
    ]
}