{
  "Atelectasis": {
    "true_positives": 973,
    "true_negatives": 19888,
    "false_positives": 2429,
    "false_negatives": 2306,
    "total_samples": 25596,
    "sensitivity": 0.2967368100030497,
    "specificity": 0.8911592059864677,
    "precision": 0.28600823045267487,
    "npv": 0.896098044516536,
    "f1_score": 0.29127376141296213,
    "accuracy": 0.815010157837162,
    "fpr": 0.10884079401353229,
    "fnr": 0.7032631899969503,
    "auc": 0.6958203499950114,
    "auprc": 0.24989203198400145
  },
  "Consolidation": {
    "true_positives": 145,
    "true_negatives": 22834,
    "false_positives": 947,
    "false_negatives": 1670,
    "total_samples": 25596,
    "sensitivity": 0.07988980716253444,
    "specificity": 0.9601782935957277,
    "precision": 0.13278388278388278,
    "npv": 0.9318478615736207,
    "f1_score": 0.0997592019263846,
    "accuracy": 0.8977574621034536,
    "fpr": 0.039821706404272315,
    "fnr": 0.9201101928374655,
    "auc": 0.64043192339464,
    "auprc": 0.11372270386595132
  },
  "Infiltration": {
    "true_positives": 2416,
    "true_negatives": 14983,
    "false_positives": 4501,
    "false_negatives": 3696,
    "total_samples": 25596,
    "sensitivity": 0.39528795811518325,
    "specificity": 0.7689899404639704,
    "precision": 0.34928437183750183,
    "npv": 0.8021307350500562,
    "f1_score": 0.3708649934760918,
    "accuracy": 0.6797546491639319,
    "fpr": 0.23101005953602957,
    "fnr": 0.6047120418848168,
    "auc": 0.6319246893813262,
    "auprc": 0.3295182692573512
  },
  "Pneumothorax": {
    "true_positives": 760,
    "true_negatives": 21866,
    "false_positives": 1065,
    "false_negatives": 1905,
    "total_samples": 25596,
    "sensitivity": 0.2851782363977486,
    "specificity": 0.953556321137325,
    "precision": 0.41643835616438357,
    "npv": 0.9198603340204451,
    "f1_score": 0.33853006681514475,
    "accuracy": 0.8839662447257384,
    "fpr": 0.04644367886267498,
    "fnr": 0.7148217636022514,
    "auc": 0.796930034740816,
    "auprc": 0.32806845131633455
  },
  "Edema": {
    "true_positives": 136,
    "true_negatives": 24029,
    "false_positives": 642,
    "false_negatives": 789,
    "total_samples": 25596,
    "sensitivity": 0.14702702702702702,
    "specificity": 0.9739775444854283,
    "precision": 0.17480719794344474,
    "npv": 0.9682085583044564,
    "f1_score": 0.15971814445096888,
    "accuracy": 0.9440928270042194,
    "fpr": 0.026022455514571764,
    "fnr": 0.8529729729729729,
    "auc": 0.7508737800262262,
    "auprc": 0.11506764086278248
  },
  "Emphysema": {
    "true_positives": 425,
    "true_negatives": 23852,
    "false_positives": 651,
    "false_negatives": 668,
    "total_samples": 25596,
    "sensitivity": 0.3888380603842635,
    "specificity": 0.9734318246745296,
    "precision": 0.3949814126394052,
    "npv": 0.9727569331158238,
    "f1_score": 0.39188566159520516,
    "accuracy": 0.9484685107047977,
    "fpr": 0.02656817532547035,
    "fnr": 0.6111619396157365,
    "auc": 0.8627064318617521,
    "auprc": 0.33267567111146834
  },
  "Fibrosis": {
    "true_positives": 22,
    "true_negatives": 24956,
    "false_positives": 205,
    "false_negatives": 413,
    "total_samples": 25596,
    "sensitivity": 0.05057471264367816,
    "specificity": 0.9918524700926036,
    "precision": 0.09691629955947137,
    "npv": 0.9837202885411329,
    "f1_score": 0.06646525679758308,
    "accuracy": 0.9758556024378809,
    "fpr": 0.008147529907396367,
    "fnr": 0.9494252873563218,
    "auc": 0.7105461517482583,
    "auprc": 0.05121711780117932
  },
  "Effusion": {
    "true_positives": 2138,
    "true_negatives": 17960,
    "false_positives": 2978,
    "false_negatives": 2520,
    "total_samples": 25596,
    "sensitivity": 0.45899527694289394,
    "specificity": 0.857770560703028,
    "precision": 0.41790461297888976,
    "npv": 0.876953125,
    "f1_score": 0.43748721096787396,
    "accuracy": 0.7852008126269729,
    "fpr": 0.14222943929697202,
    "fnr": 0.541004723057106,
    "auc": 0.7613644524362159,
    "auprc": 0.40514145505706517
  },
  "Pneumonia": {
    "true_positives": 12,
    "true_negatives": 24914,
    "false_positives": 127,
    "false_negatives": 543,
    "total_samples": 25596,
    "sensitivity": 0.021621621621621623,
    "specificity": 0.9949283175592029,
    "precision": 0.08633093525179857,
    "npv": 0.9786699139725812,
    "f1_score": 0.0345821325648415,
    "accuracy": 0.9738240350054697,
    "fpr": 0.0050716824407970925,
    "fnr": 0.9783783783783784,
    "auc": 0.6297015956893757,
    "auprc": 0.03794028488755134
  },
  "Pleural_Thickening": {
    "true_positives": 156,
    "true_negatives": 23664,
    "false_positives": 789,
    "false_negatives": 987,
    "total_samples": 25596,
    "sensitivity": 0.13648293963254593,
    "specificity": 0.9677340203655993,
    "precision": 0.16507936507936508,
    "npv": 0.9599610563465986,
    "f1_score": 0.14942528735632182,
    "accuracy": 0.9306141584622597,
    "fpr": 0.032265979634400685,
    "fnr": 0.863517060367454,
    "auc": 0.6854269223380979,
    "auprc": 0.10715588591748704
  },
  "Cardiomegaly": {
    "true_positives": 290,
    "true_negatives": 23991,
    "false_positives": 536,
    "false_negatives": 779,
    "total_samples": 25596,
    "sensitivity": 0.27128157156220767,
    "specificity": 0.9781465323928732,
    "precision": 0.35108958837772397,
    "npv": 0.9685506661283811,
    "f1_score": 0.30606860158311344,
    "accuracy": 0.9486247851226755,
    "fpr": 0.02185346760712684,
    "fnr": 0.7287184284377923,
    "auc": 0.8067802409997528,
    "auprc": 0.24650351046183885
  },
  "Nodule": {
    "true_positives": 233,
    "true_negatives": 23004,
    "false_positives": 969,
    "false_negatives": 1390,
    "total_samples": 25596,
    "sensitivity": 0.14356130622304375,
    "specificity": 0.9595795269678388,
    "precision": 0.19384359400998336,
    "npv": 0.9430187751086333,
    "f1_score": 0.1649557522123894,
    "accuracy": 0.9078371620565714,
    "fpr": 0.04042047303216118,
    "fnr": 0.8564386937769563,
    "auc": 0.6670834427897538,
    "auprc": 0.1358351352766447
  },
  "Mass": {
    "true_positives": 397,
    "true_negatives": 22804,
    "false_positives": 1044,
    "false_negatives": 1351,
    "total_samples": 25596,
    "sensitivity": 0.22711670480549198,
    "specificity": 0.9562227440456222,
    "precision": 0.27550312283136713,
    "npv": 0.9440695508176361,
    "f1_score": 0.24898087174662908,
    "accuracy": 0.9064306922956712,
    "fpr": 0.043777255954377724,
    "fnr": 0.772883295194508,
    "auc": 0.7259308237065104,
    "auprc": 0.19290436629827895
  },
  "Hernia": {
    "true_positives": 25,
    "true_negatives": 25493,
    "false_positives": 17,
    "false_negatives": 61,
    "total_samples": 25596,
    "sensitivity": 0.29069767441860467,
    "specificity": 0.9993335946687574,
    "precision": 0.5952380952380952,
    "npv": 0.9976128981764107,
    "f1_score": 0.39062500000000006,
    "accuracy": 0.996952648851383,
    "fpr": 0.00066640533124265,
    "fnr": 0.7093023255813954,
    "auc": 0.8471613958958184,
    "auprc": 0.34159462053507056
  }
}