{
  "Atelectasis": {
    "true_positives": 2308,
    "true_negatives": 13220,
    "false_positives": 9097,
    "false_negatives": 971,
    "total_samples": 25596,
    "sensitivity": 0.703873132052455,
    "specificity": 0.5923735269077385,
    "precision": 0.20236738272687418,
    "npv": 0.9315763512085125,
    "f1_score": 0.3143557613729229,
    "accuracy": 0.606657290201594,
    "fpr": 0.4076264730922615,
    "fnr": 0.296126867947545,
    "auc": 0.7023342288688605,
    "auprc": 0.25144774130034997
  },
  "Consolidation": {
    "true_positives": 957,
    "true_negatives": 16709,
    "false_positives": 7072,
    "false_negatives": 858,
    "total_samples": 25596,
    "sensitivity": 0.5272727272727272,
    "specificity": 0.7026197384466591,
    "precision": 0.11919292564453855,
    "npv": 0.9511584220413275,
    "f1_score": 0.1944331572531491,
    "accuracy": 0.6901859665572746,
    "fpr": 0.2973802615533409,
    "fnr": 0.4727272727272727,
    "auc": 0.6768805756569096,
    "auprc": 0.11999959046983544
  },
  "Infiltration": {
    "true_positives": 5054,
    "true_negatives": 7026,
    "false_positives": 12458,
    "false_negatives": 1058,
    "total_samples": 25596,
    "sensitivity": 0.8268979057591623,
    "specificity": 0.36060357216177374,
    "precision": 0.28860210141617176,
    "npv": 0.8691241959426027,
    "f1_score": 0.42786996274974604,
    "accuracy": 0.47194874199093606,
    "fpr": 0.6393964278382263,
    "fnr": 0.1731020942408377,
    "auc": 0.6637956177091473,
    "auprc": 0.3625000873595752
  },
  "Pneumothorax": {
    "true_positives": 877,
    "true_negatives": 20472,
    "false_positives": 2459,
    "false_negatives": 1788,
    "total_samples": 25596,
    "sensitivity": 0.3290806754221388,
    "specificity": 0.8927652522785748,
    "precision": 0.26288968824940045,
    "npv": 0.9196765498652291,
    "f1_score": 0.29228461923012833,
    "accuracy": 0.8340756368182528,
    "fpr": 0.10723474772142515,
    "fnr": 0.6709193245778612,
    "auc": 0.7171764170887734,
    "auprc": 0.2233885002033471
  },
  "Edema": {
    "true_positives": 296,
    "true_negatives": 22731,
    "false_positives": 1940,
    "false_negatives": 629,
    "total_samples": 25596,
    "sensitivity": 0.32,
    "specificity": 0.9213651655790199,
    "precision": 0.13237924865831843,
    "npv": 0.9730736301369863,
    "f1_score": 0.18728250553622272,
    "accuracy": 0.8996327551179872,
    "fpr": 0.0786348344209801,
    "fnr": 0.68,
    "auc": 0.7759676477580089,
    "auprc": 0.1115674387206297
  },
  "Emphysema": {
    "true_positives": 216,
    "true_negatives": 23307,
    "false_positives": 1196,
    "false_negatives": 877,
    "total_samples": 25596,
    "sensitivity": 0.19762122598353157,
    "specificity": 0.9511896502469085,
    "precision": 0.1529745042492918,
    "npv": 0.9637363546146213,
    "f1_score": 0.1724550898203593,
    "accuracy": 0.9190107829348335,
    "fpr": 0.04881034975309146,
    "fnr": 0.8023787740164684,
    "auc": 0.7208952400062745,
    "auprc": 0.109688624498955
  },
  "Fibrosis": {
    "true_positives": 67,
    "true_negatives": 24046,
    "false_positives": 1115,
    "false_negatives": 368,
    "total_samples": 25596,
    "sensitivity": 0.15402298850574714,
    "specificity": 0.9556853861134296,
    "precision": 0.05668358714043993,
    "npv": 0.9849266814123044,
    "f1_score": 0.08286951144094003,
    "accuracy": 0.9420612595718081,
    "fpr": 0.044314613886570486,
    "fnr": 0.8459770114942529,
    "auc": 0.6744818997837833,
    "auprc": 0.03795114644960647
  },
  "Effusion": {
    "true_positives": 3934,
    "true_negatives": 11307,
    "false_positives": 9631,
    "false_negatives": 724,
    "total_samples": 25596,
    "sensitivity": 0.8445684843280378,
    "specificity": 0.5400229248256758,
    "precision": 0.29001105786951714,
    "npv": 0.9398221261740504,
    "f1_score": 0.4317620589365089,
    "accuracy": 0.5954446007188623,
    "fpr": 0.4599770751743242,
    "fnr": 0.15543151567196223,
    "auc": 0.7711276665397577,
    "auprc": 0.41524251834283493
  },
  "Pneumonia": {
    "true_positives": 32,
    "true_negatives": 24321,
    "false_positives": 720,
    "false_negatives": 523,
    "total_samples": 25596,
    "sensitivity": 0.05765765765765766,
    "specificity": 0.9712471546663471,
    "precision": 0.0425531914893617,
    "npv": 0.9789486395105458,
    "f1_score": 0.04896710022953328,
    "accuracy": 0.9514377246444757,
    "fpr": 0.02875284533365281,
    "fnr": 0.9423423423423424,
    "auc": 0.5908749290802723,
    "auprc": 0.03062327030343372
  },
  "Pleural_Thickening": {
    "true_positives": 335,
    "true_negatives": 21102,
    "false_positives": 3351,
    "false_negatives": 808,
    "total_samples": 25596,
    "sensitivity": 0.29308836395450566,
    "specificity": 0.862961599803705,
    "precision": 0.09088442756375474,
    "npv": 0.9631218621633957,
    "f1_score": 0.13874508179747358,
    "accuracy": 0.8375136740115643,
    "fpr": 0.13703840019629493,
    "fnr": 0.7069116360454943,
    "auc": 0.6631710576316185,
    "auprc": 0.08377456803398382
  },
  "Cardiomegaly": {
    "true_positives": 478,
    "true_negatives": 23056,
    "false_positives": 1471,
    "false_negatives": 591,
    "total_samples": 25596,
    "sensitivity": 0.4471468662301216,
    "specificity": 0.9400252782647694,
    "precision": 0.2452539763981529,
    "npv": 0.9750074005159217,
    "f1_score": 0.31676607024519554,
    "accuracy": 0.9194405375839975,
    "fpr": 0.059974721735230566,
    "fnr": 0.5528531337698784,
    "auc": 0.8139399496471367,
    "auprc": 0.23628240845969817
  },
  "Nodule": {
    "true_positives": 925,
    "true_negatives": 15273,
    "false_positives": 8700,
    "false_negatives": 698,
    "total_samples": 25596,
    "sensitivity": 0.5699322242760321,
    "specificity": 0.6370917281942184,
    "precision": 0.09610389610389611,
    "npv": 0.9562957861123286,
    "f1_score": 0.16447368421052633,
    "accuracy": 0.6328332551961244,
    "fpr": 0.3629082718057815,
    "fnr": 0.430067775723968,
    "auc": 0.6399268390329961,
    "auprc": 0.10863653842846728
  },
  "Mass": {
    "true_positives": 936,
    "true_negatives": 18640,
    "false_positives": 5208,
    "false_negatives": 812,
    "total_samples": 25596,
    "sensitivity": 0.5354691075514875,
    "specificity": 0.7816169070781617,
    "precision": 0.15234375,
    "npv": 0.9582562204400575,
    "f1_score": 0.2372022301064369,
    "accuracy": 0.764807001093921,
    "fpr": 0.2183830929218383,
    "fnr": 0.4645308924485126,
    "auc": 0.7225923651086937,
    "auprc": 0.19172044520981515
  },
  "Hernia": {
    "true_positives": 17,
    "true_negatives": 25457,
    "false_positives": 53,
    "false_negatives": 69,
    "total_samples": 25596,
    "sensitivity": 0.19767441860465115,
    "specificity": 0.997922383379067,
    "precision": 0.24285714285714285,
    "npv": 0.997296873775758,
    "f1_score": 0.21794871794871792,
    "accuracy": 0.9952336302547273,
    "fpr": 0.0020776166209329674,
    "fnr": 0.8023255813953488,
    "auc": 0.7652876664873783,
    "auprc": 0.15830355707712884
  }
}