{
  "Atelectasis": {
    "true_positives": 1134,
    "true_negatives": 19274,
    "false_positives": 3043,
    "false_negatives": 2145,
    "total_samples": 25596,
    "sensitivity": 0.3458371454711802,
    "specificity": 0.863646547475019,
    "precision": 0.2714867129518793,
    "npv": 0.8998552686866801,
    "f1_score": 0.30418454935622313,
    "accuracy": 0.797312080012502,
    "fpr": 0.13635345252498096,
    "fnr": 0.6541628545288197,
    "auc": 0.7021102800763345,
    "auprc": 0.25221475001709337
  },
  "Consolidation": {
    "true_positives": 250,
    "true_negatives": 22372,
    "false_positives": 1409,
    "false_negatives": 1565,
    "total_samples": 25596,
    "sensitivity": 0.13774104683195593,
    "specificity": 0.9407510197216266,
    "precision": 0.1506931886678722,
    "npv": 0.9346200442829093,
    "f1_score": 0.14392630972941853,
    "accuracy": 0.8838099703078606,
    "fpr": 0.05924898027837349,
    "fnr": 0.8622589531680441,
    "auc": 0.6557236528038276,
    "auprc": 0.11812851764157065
  },
  "Infiltration": {
    "true_positives": 3533,
    "true_negatives": 12062,
    "false_positives": 7422,
    "false_negatives": 2579,
    "total_samples": 25596,
    "sensitivity": 0.5780431937172775,
    "specificity": 0.6190720591254363,
    "precision": 0.32250114103149247,
    "npv": 0.8238508298613483,
    "f1_score": 0.41401535126267064,
    "accuracy": 0.609274886701047,
    "fpr": 0.3809279408745637,
    "fnr": 0.42195680628272253,
    "auc": 0.6345139942653981,
    "auprc": 0.3348297233450183
  },
  "Pneumothorax": {
    "true_positives": 825,
    "true_negatives": 21740,
    "false_positives": 1191,
    "false_negatives": 1840,
    "total_samples": 25596,
    "sensitivity": 0.30956848030018763,
    "specificity": 0.9480615760324451,
    "precision": 0.40922619047619047,
    "npv": 0.9219677692960135,
    "f1_score": 0.35248878444776754,
    "accuracy": 0.881583059853102,
    "fpr": 0.05193842396755484,
    "fnr": 0.6904315196998124,
    "auc": 0.7933361304240646,
    "auprc": 0.32796820435192725
  },
  "Edema": {
    "true_positives": 252,
    "true_negatives": 23482,
    "false_positives": 1189,
    "false_negatives": 673,
    "total_samples": 25596,
    "sensitivity": 0.2724324324324324,
    "specificity": 0.9518057638522962,
    "precision": 0.17487855655794587,
    "npv": 0.9721382736493479,
    "f1_score": 0.21301775147928995,
    "accuracy": 0.9272542584778871,
    "fpr": 0.04819423614770378,
    "fnr": 0.7275675675675676,
    "auc": 0.7772548138913508,
    "auprc": 0.13090484434155172
  },
  "Emphysema": {
    "true_positives": 472,
    "true_negatives": 23729,
    "false_positives": 774,
    "false_negatives": 621,
    "total_samples": 25596,
    "sensitivity": 0.43183897529734677,
    "specificity": 0.9684120311798555,
    "precision": 0.37881219903691815,
    "npv": 0.9744969199178645,
    "f1_score": 0.4035912783240701,
    "accuracy": 0.9454992967651196,
    "fpr": 0.031587968820144474,
    "fnr": 0.5681610247026533,
    "auc": 0.8685897788940758,
    "auprc": 0.3224179041367842
  },
  "Fibrosis": {
    "true_positives": 19,
    "true_negatives": 24989,
    "false_positives": 172,
    "false_negatives": 416,
    "total_samples": 25596,
    "sensitivity": 0.04367816091954023,
    "specificity": 0.9931640236874528,
    "precision": 0.09947643979057591,
    "npv": 0.9836252706160205,
    "f1_score": 0.060702875399361006,
    "accuracy": 0.9770276605719643,
    "fpr": 0.006835976312547196,
    "fnr": 0.9563218390804598,
    "auc": 0.7034180338390879,
    "auprc": 0.0516503456800093
  },
  "Effusion": {
    "true_positives": 2636,
    "true_negatives": 16972,
    "false_positives": 3966,
    "false_negatives": 2022,
    "total_samples": 25596,
    "sensitivity": 0.5659081150708458,
    "specificity": 0.8105836278536632,
    "precision": 0.3992729475916389,
    "npv": 0.8935453301042434,
    "f1_score": 0.46820603907637653,
    "accuracy": 0.7660571964369433,
    "fpr": 0.1894163721463368,
    "fnr": 0.4340918849291541,
    "auc": 0.7767919237811066,
    "auprc": 0.42527294363103935
  },
  "Pneumonia": {
    "true_positives": 21,
    "true_negatives": 24725,
    "false_positives": 316,
    "false_negatives": 534,
    "total_samples": 25596,
    "sensitivity": 0.03783783783783784,
    "specificity": 0.987380695659119,
    "precision": 0.06231454005934718,
    "npv": 0.9788590205471317,
    "f1_score": 0.04708520179372197,
    "accuracy": 0.9667916862009689,
    "fpr": 0.012619304340880955,
    "fnr": 0.9621621621621622,
    "auc": 0.6028853581028015,
    "auprc": 0.03407129022256765
  },
  "Pleural_Thickening": {
    "true_positives": 141,
    "true_negatives": 23579,
    "false_positives": 874,
    "false_negatives": 1002,
    "total_samples": 25596,
    "sensitivity": 0.12335958005249344,
    "specificity": 0.9642579642579643,
    "precision": 0.13891625615763548,
    "npv": 0.9592368089174566,
    "f1_score": 0.13067655236329936,
    "accuracy": 0.9267072980153149,
    "fpr": 0.035742035742035744,
    "fnr": 0.8766404199475065,
    "auc": 0.6869606732847513,
    "auprc": 0.09739444868922523
  },
  "Cardiomegaly": {
    "true_positives": 308,
    "true_negatives": 23970,
    "false_positives": 557,
    "false_negatives": 761,
    "total_samples": 25596,
    "sensitivity": 0.28811973807296537,
    "specificity": 0.9772903331022954,
    "precision": 0.3560693641618497,
    "npv": 0.9692289029962395,
    "f1_score": 0.3185108583247156,
    "accuracy": 0.9485075793092671,
    "fpr": 0.02270966689770457,
    "fnr": 0.7118802619270346,
    "auc": 0.8165404704912167,
    "auprc": 0.2617491717857324
  },
  "Nodule": {
    "true_positives": 290,
    "true_negatives": 22798,
    "false_positives": 1175,
    "false_negatives": 1333,
    "total_samples": 25596,
    "sensitivity": 0.1786814540973506,
    "specificity": 0.9509865265089893,
    "precision": 0.19795221843003413,
    "npv": 0.9447598524719241,
    "f1_score": 0.1878238341968912,
    "accuracy": 0.9020159399906236,
    "fpr": 0.04901347349101072,
    "fnr": 0.8213185459026494,
    "auc": 0.6645975001811316,
    "auprc": 0.13477872538712557
  },
  "Mass": {
    "true_positives": 477,
    "true_negatives": 22507,
    "false_positives": 1341,
    "false_negatives": 1271,
    "total_samples": 25596,
    "sensitivity": 0.272883295194508,
    "specificity": 0.9437688695068769,
    "precision": 0.2623762376237624,
    "npv": 0.9465472285305745,
    "f1_score": 0.26752664049355024,
    "accuracy": 0.8979528051258009,
    "fpr": 0.056231130493123116,
    "fnr": 0.727116704805492,
    "auc": 0.7458513712321437,
    "auprc": 0.21925148637749514
  },
  "Hernia": {
    "true_positives": 16,
    "true_negatives": 25497,
    "false_positives": 13,
    "false_negatives": 70,
    "total_samples": 25596,
    "sensitivity": 0.18604651162790697,
    "specificity": 0.9994903959231674,
    "precision": 0.5517241379310345,
    "npv": 0.9972620956701999,
    "f1_score": 0.2782608695652174,
    "accuracy": 0.9967573058290358,
    "fpr": 0.0005096040768326147,
    "fnr": 0.813953488372093,
    "auc": 0.7973984210478334,
    "auprc": 0.26188288450475455
  }
}