{
  "Atelectasis": {
    "true_positives": 1258,
    "true_negatives": 17412,
    "false_positives": 4905,
    "false_negatives": 2021,
    "total_samples": 25596,
    "sensitivity": 0.38365355291247333,
    "specificity": 0.7802123941389971,
    "precision": 0.2041213694629239,
    "npv": 0.8960016466834766,
    "f1_score": 0.26646896843889006,
    "accuracy": 0.7294108454446007,
    "fpr": 0.21978760586100282,
    "fnr": 0.6163464470875267,
    "auc": 0.6385255904609839,
    "auprc": 0.1980978501849314
  },
  "Consolidation": {
    "true_positives": 240,
    "true_negatives": 22208,
    "false_positives": 1573,
    "false_negatives": 1575,
    "total_samples": 25596,
    "sensitivity": 0.1322314049586777,
    "specificity": 0.9338547580000841,
    "precision": 0.13237727523441808,
    "npv": 0.9337762267165622,
    "f1_score": 0.1323042998897464,
    "accuracy": 0.8770120331301766,
    "fpr": 0.0661452419999159,
    "fnr": 0.8677685950413223,
    "auc": 0.6359987711559439,
    "auprc": 0.10858331053961845
  },
  "Infiltration": {
    "true_positives": 4259,
    "true_negatives": 9261,
    "false_positives": 10223,
    "false_negatives": 1853,
    "total_samples": 25596,
    "sensitivity": 0.6968259162303665,
    "specificity": 0.4753130773968384,
    "precision": 0.2940892141969341,
    "npv": 0.8332733489292784,
    "f1_score": 0.41361561619889287,
    "accuracy": 0.5282075324269417,
    "fpr": 0.5246869226031615,
    "fnr": 0.3031740837696335,
    "auc": 0.625278676267868,
    "auprc": 0.3378941947889581
  },
  "Pneumothorax": {
    "true_positives": 385,
    "true_negatives": 21902,
    "false_positives": 1029,
    "false_negatives": 2280,
    "total_samples": 25596,
    "sensitivity": 0.14446529080675422,
    "specificity": 0.9551262483101478,
    "precision": 0.2722772277227723,
    "npv": 0.9057149946241005,
    "f1_score": 0.18877175778377053,
    "accuracy": 0.8707219878105954,
    "fpr": 0.044873751689852165,
    "fnr": 0.8555347091932458,
    "auc": 0.6758500969913576,
    "auprc": 0.19710111716757217
  },
  "Edema": {
    "true_positives": 212,
    "true_negatives": 23208,
    "false_positives": 1463,
    "false_negatives": 713,
    "total_samples": 25596,
    "sensitivity": 0.22918918918918918,
    "specificity": 0.9406996068258279,
    "precision": 0.1265671641791045,
    "npv": 0.9701935537811964,
    "f1_score": 0.1630769230769231,
    "accuracy": 0.9149867166744804,
    "fpr": 0.05930039317417211,
    "fnr": 0.7708108108108108,
    "auc": 0.7516788175634596,
    "auprc": 0.09412682210535821
  },
  "Emphysema": {
    "true_positives": 109,
    "true_negatives": 23699,
    "false_positives": 804,
    "false_negatives": 984,
    "total_samples": 25596,
    "sensitivity": 0.09972552607502287,
    "specificity": 0.9671876913031058,
    "precision": 0.11938663745892661,
    "npv": 0.9601345055301219,
    "f1_score": 0.1086739780658026,
    "accuracy": 0.9301453352086263,
    "fpr": 0.032812308696894256,
    "fnr": 0.9002744739249772,
    "auc": 0.6422743799058308,
    "auprc": 0.0775567293435466
  },
  "Fibrosis": {
    "true_positives": 9,
    "true_negatives": 24833,
    "false_positives": 328,
    "false_negatives": 426,
    "total_samples": 25596,
    "sensitivity": 0.020689655172413793,
    "specificity": 0.9869639521481658,
    "precision": 0.026706231454005934,
    "npv": 0.9831347242567006,
    "f1_score": 0.023316062176165803,
    "accuracy": 0.970542272230036,
    "fpr": 0.013036047851834189,
    "fnr": 0.9793103448275862,
    "auc": 0.58391887280397,
    "auprc": 0.02399340164034573
  },
  "Effusion": {
    "true_positives": 2822,
    "true_negatives": 14906,
    "false_positives": 6032,
    "false_negatives": 1836,
    "total_samples": 25596,
    "sensitivity": 0.6058394160583942,
    "specificity": 0.7119113573407202,
    "precision": 0.3187259995482268,
    "npv": 0.8903356827141321,
    "f1_score": 0.4177027827116637,
    "accuracy": 0.6926082200343804,
    "fpr": 0.2880886426592798,
    "fnr": 0.39416058394160586,
    "auc": 0.7232632750698959,
    "auprc": 0.3584709733433787
  },
  "Pneumonia": {
    "true_positives": 5,
    "true_negatives": 24801,
    "false_positives": 240,
    "false_negatives": 550,
    "total_samples": 25596,
    "sensitivity": 0.009009009009009009,
    "specificity": 0.9904157182221157,
    "precision": 0.02040816326530612,
    "npv": 0.9783046033687034,
    "f1_score": 0.012499999999999999,
    "accuracy": 0.9691358024691358,
    "fpr": 0.00958428177788427,
    "fnr": 0.990990990990991,
    "auc": 0.5808271911542547,
    "auprc": 0.028622020272417188
  },
  "Pleural_Thickening": {
    "true_positives": 109,
    "true_negatives": 23510,
    "false_positives": 943,
    "false_negatives": 1034,
    "total_samples": 25596,
    "sensitivity": 0.09536307961504811,
    "specificity": 0.9614362245941194,
    "precision": 0.10361216730038023,
    "npv": 0.9578715775749674,
    "f1_score": 0.09931662870159454,
    "accuracy": 0.9227613689639006,
    "fpr": 0.03856377540588067,
    "fnr": 0.9046369203849519,
    "auc": 0.6302140528553016,
    "auprc": 0.07600931449318331
  },
  "Cardiomegaly": {
    "true_positives": 319,
    "true_negatives": 23464,
    "false_positives": 1063,
    "false_negatives": 750,
    "total_samples": 25596,
    "sensitivity": 0.2984097287184284,
    "specificity": 0.956660007338851,
    "precision": 0.23082489146164978,
    "npv": 0.9690261831998017,
    "f1_score": 0.2603019175846593,
    "accuracy": 0.9291686200968902,
    "fpr": 0.043339992661148935,
    "fnr": 0.7015902712815716,
    "auc": 0.784955702394448,
    "auprc": 0.1931876100411105
  },
  "Nodule": {
    "true_positives": 198,
    "true_negatives": 21875,
    "false_positives": 2098,
    "false_negatives": 1425,
    "total_samples": 25596,
    "sensitivity": 0.12199630314232902,
    "specificity": 0.9124848788220081,
    "precision": 0.08623693379790941,
    "npv": 0.9388412017167382,
    "f1_score": 0.10104618525133963,
    "accuracy": 0.8623613064541334,
    "fpr": 0.08751512117799191,
    "fnr": 0.878003696857671,
    "auc": 0.5442353650115571,
    "auprc": 0.07499667286815753
  },
  "Mass": {
    "true_positives": 312,
    "true_negatives": 21695,
    "false_positives": 2153,
    "false_negatives": 1436,
    "total_samples": 25596,
    "sensitivity": 0.17848970251716248,
    "specificity": 0.909719892653472,
    "precision": 0.12657200811359026,
    "npv": 0.9379188102546366,
    "f1_score": 0.14811298362212202,
    "accuracy": 0.8597827785591499,
    "fpr": 0.09028010734652801,
    "fnr": 0.8215102974828375,
    "auc": 0.6077502937175722,
    "auprc": 0.10352399610644326
  },
  "Hernia": {
    "true_positives": 7,
    "true_negatives": 25489,
    "false_positives": 21,
    "false_negatives": 79,
    "total_samples": 25596,
    "sensitivity": 0.08139534883720931,
    "specificity": 0.9991767934143473,
    "precision": 0.25,
    "npv": 0.9969102002503129,
    "f1_score": 0.12280701754385964,
    "accuracy": 0.9960931395530551,
    "fpr": 0.0008232065856526852,
    "fnr": 0.9186046511627907,
    "auc": 0.7620091983991686,
    "auprc": 0.05189321441085489
  }
}