{"train_loss": [1.216952351292048, 1.1039879637427779, 1.0273889692675824, 0.9530791715751514, 0.87805163218552, 0.8045444028682718, 0.725518392436826, 0.6522548765274602, 0.6001970180191527, 0.5511370729964894, 0.5328954706681194, 0.48115057085060586, 0.44083020724562755, 0.4073165743895798, 0.3852380259571917, 0.36198025476359613, 0.3416747022385738, 0.3243419408261115, 0.2999393260949971, 0.2854170887326467, 0.27888450154590516, 0.25862985305391706, 0.25244642904307174, 0.20038452807834542, 0.16164130619391387, 0.14786272927733093, 0.1321648550159582, 0.12330171789684766, 0.10938440091811576, 0.08978600514271123, 0.08136880391254994, 0.07649581453396273, 0.06363905756863422, 0.05387792127833541, 0.049381504641835494, 0.04509740224101214, 0.04633069432782984, 0.03908612203823881, 0.03772942551976335, 0.036661260159662104], "train_acc": [0.5577968955039978, 0.6525737047195435, 0.7074110507965088, 0.7387886941432953, 0.7640594094991684, 0.7824224531650543, 0.8047666549682617, 0.8243731558322906, 0.8376147747039795, 0.8516984432935715, 0.8562038093805313, 0.8723936229944229, 0.8810504153370857, 0.8908474743366241, 0.8965024054050446, 0.9031933844089508, 0.9089783355593681, 0.9143742546439171, 0.9204419478774071, 0.9250505119562149, 0.9265922009944916, 0.9321078211069107, 0.9343439936637878, 0.9463019035756588, 0.957085482776165, 0.9613772444427013, 0.9657175056636333, 0.9685748964548111, 0.9721928127110004, 0.9773441646248102, 0.9806948136538267, 0.9827927090227604, 0.9850195962935686, 0.9872144935652614, 0.9887737268581986, 0.9897715942934155, 0.9907147707417607, 0.9916858086362481, 0.9921749392524362, 0.9925897722132504], "train_f1_macro": [0.11514039532937499, 0.13996833515982413, 0.155092821594474, 0.16850795381472466, 0.18432701878198543, 0.2027219522831992, 0.23010668335473997, 0.2685638750562629, 0.2834036178344912, 0.31300863306145404, 0.3133505805849294, 0.36237147208200554, 0.395713346018472, 0.4328408751571519, 0.4495763609269786, 0.4720738134052797, 0.48967239237629734, 0.5097169713858182, 0.5308395918998007, 0.548450931098304, 0.552845299524427, 0.583002013047022, 0.5759174958178684, 0.6573464053084186, 0.7464842464647115, 0.7691459032280908, 0.8027927166258141, 0.813933873108534, 0.8363593068313752, 0.8660577115575603, 0.8932215488478573, 0.9006169394477787, 0.9101570990290141, 0.9256335215993827, 0.9348700229599167, 0.9411827103341431, 0.9447369898867145, 0.9516646916772267, 0.953442594100709, 0.9567442699189197], "train_f1_weighted": [0.2036566449568106, 0.23678505177834192, 0.2532580596097252, 0.26433354949683874, 0.2748778411633723, 0.2855800867829533, 0.29930370662730843, 0.31515435874289793, 0.3279744122894966, 0.34428436504785387, 0.3509037032816844, 0.37637334932734484, 0.39253790110069153, 0.41283943480962515, 0.42572286662506204, 0.4431400785621593, 0.4601926753115859, 0.4768786268504192, 0.49578119763615147, 0.5128408946289422, 0.5188527273166962, 0.5405880426837283, 0.5502295521434132, 0.6079232087879857, 0.6682930645328826, 0.6933514931971825, 0.7210892620339708, 0.7388369560156873, 0.7631588987143196, 0.8011407569675214, 0.826721528264841, 0.8421658043366338, 0.85937351081785, 0.878140520548907, 0.8911024302557135, 0.8995715841183051, 0.9076769247537241, 0.9165971566207561, 0.9210487690561667, 0.9247556688948946], "val_loss": [NaN, NaN, NaN, NaN, 1.0824461289562712, 1.1673637779494972, 1.3321948247013162, 1.4756252615266718, 1.6041115630906964, 1.6920601616505113, 1.9020172971233642, 1.9292923337650827, 2.123516806888492, 2.2930381318998423, 2.2657005124193463, 2.6077835287161983, 2.6205083841316803, 2.8095627801695944, 2.8591311848868726, 3.000020206415279, 3.1301680657868025, 3.157061423865352, 3.30937586259269, 3.6936297943323244, 4.059227938572713, 4.249043828513398, 4.4507346313012945, 4.636713654188484, 4.684617960298788, 4.875402420869376, 5.215237497291811, 5.207564348268861, 5.304287917402447, 5.467706753068402, 5.585732705987535, 5.581177462436355, 5.8144974207812, 5.688944230844265, 5.921525028463653, 5.84092127753494], "val_acc": [0.6561563611030579, 0.6734965145587921, 0.7494489550590515, 0.7414702475070953, 0.7301770746707916, 0.7621331512928009, 0.8200767785310745, 0.8152061700820923, 0.8277335166931152, 0.832393616437912, 0.8616708666086197, 0.8526065945625305, 0.8555248230695724, 0.8576010167598724, 0.8586164265871048, 0.8747348040342331, 0.8635241687297821, 0.884364552795887, 0.886589340865612, 0.8849176540970802, 0.8957402929663658, 0.8810252994298935, 0.8898666799068451, 0.9059437811374664, 0.9171213954687119, 0.9141247346997261, 0.9196516275405884, 0.9234160259366035, 0.9217525869607925, 0.9256903454661369, 0.9309860914945602, 0.9303752034902573, 0.9295125305652618, 0.929306149482727, 0.9346885681152344, 0.9341932535171509, 0.9352953284978867, 0.9337763637304306, 0.9381433948874474, 0.9344574213027954], "val_f1_macro": [0.13915512833339055, 0.14383879439392208, 0.1629435151806711, 0.16246146927592603, 0.15883002406898067, 0.17059176937839912, 0.1865919137941694, 0.18673322230755626, 0.18071217192559721, 0.19309752359054697, 0.19807604888470012, 0.19907184503715433, 0.19920417620423178, 0.19687261276523765, 0.19929675789165313, 0.20249935846068137, 0.19845401303670251, 0.20204466154585374, 0.2032296199337845, 0.20224441913137467, 0.19950906706527163, 0.1970813316185653, 0.19971525650254898, 0.2020160952399048, 0.20716776211466376, 0.20047282779750755, 0.19700075628862854, 0.19714083757997095, 0.20110331341048712, 0.1957131169015877, 0.18813185459806192, 0.19187542413865852, 0.18720057596420953, 0.18665748340351684, 0.18460488252406032, 0.18581418993241167, 0.18052005779480457, 0.1815167796707478, 0.1726945588960409, 0.17797667103503864], "val_f1_weighted": [0.2335419890481954, 0.23671894571757535, 0.2625488958592794, 0.260186716982066, 0.2521751324724157, 0.26543849765601046, 0.2722350333390361, 0.26874528072785114, 0.26724140689257464, 0.2742262648780403, 0.28132069638696294, 0.2833786207870447, 0.2810171840257238, 0.2782719712898657, 0.2785973026609018, 0.28085131371944594, 0.2761576122557098, 0.2856926569933053, 0.2811336263933292, 0.27999016404274363, 0.28006933086386016, 0.2738572571712175, 0.2809123421776038, 0.28277699130639605, 0.28665858602574423, 0.27561637260804295, 0.2741551867914259, 0.27459383092278, 0.2753591187306762, 0.27106225054268024, 0.2638042866439208, 0.2640420449960103, 0.26285988425488244, 0.260587641697906, 0.2581768572211421, 0.25866828401167863, 0.2538118598209212, 0.2554083373050938, 0.2471387036646874, 0.25373796262141757]}