{
  "Atelectasis": {
    "true_positives": 457,
    "true_negatives": 21092,
    "false_positives": 1225,
    "false_negatives": 2822,
    "total_samples": 25596,
    "sensitivity": 0.13937175968283014,
    "specificity": 0.9451091096473541,
    "precision": 0.27170035671819265,
    "npv": 0.8819938111566447,
    "f1_score": 0.18423704898206006,
    "accuracy": 0.8418893577121426,
    "fpr": 0.054890890352645966,
    "fnr": 0.8606282403171699
  },
  "Consolidation": {
    "true_positives": 53,
    "true_negatives": 23567,
    "false_positives": 214,
    "false_negatives": 1762,
    "total_samples": 25596,
    "sensitivity": 0.029201101928374655,
    "specificity": 0.9910012194609141,
    "precision": 0.19850187265917604,
    "npv": 0.930435469224999,
    "f1_score": 0.050912584053794424,
    "accuracy": 0.92280043756837,
    "fpr": 0.008998780539085824,
    "fnr": 0.9707988980716253
  },
  "Infiltration": {
    "true_positives": 1769,
    "true_negatives": 16210,
    "false_positives": 3274,
    "false_negatives": 4343,
    "total_samples": 25596,
    "sensitivity": 0.2894306282722513,
    "specificity": 0.8319646889755697,
    "precision": 0.35078326393020026,
    "npv": 0.7886926482751909,
    "f1_score": 0.3171671896010757,
    "accuracy": 0.7024144397562119,
    "fpr": 0.1680353110244303,
    "fnr": 0.7105693717277487
  },
  "Pneumothorax": {
    "true_positives": 324,
    "true_negatives": 22443,
    "false_positives": 488,
    "false_negatives": 2341,
    "total_samples": 25596,
    "sensitivity": 0.12157598499061914,
    "specificity": 0.978718764990624,
    "precision": 0.39901477832512317,
    "npv": 0.9055438992898645,
    "f1_score": 0.18636755823986195,
    "accuracy": 0.8894749179559306,
    "fpr": 0.021281235009375954,
    "fnr": 0.8784240150093808
  },
  "Edema": {
    "true_positives": 54,
    "true_negatives": 24377,
    "false_positives": 294,
    "false_negatives": 871,
    "total_samples": 25596,
    "sensitivity": 0.05837837837837838,
    "specificity": 0.9880831745774391,
    "precision": 0.15517241379310345,
    "npv": 0.9655022179974652,
    "f1_score": 0.08483896307934015,
    "accuracy": 0.9544850757930927,
    "fpr": 0.011916825422560902,
    "fnr": 0.9416216216216217
  },
  "Emphysema": {
    "true_positives": 128,
    "true_negatives": 24252,
    "false_positives": 251,
    "false_negatives": 965,
    "total_samples": 25596,
    "sensitivity": 0.1171088746569076,
    "specificity": 0.9897563563645267,
    "precision": 0.33773087071240104,
    "npv": 0.9617321648094539,
    "f1_score": 0.17391304347826086,
    "accuracy": 0.9524925769651508,
    "fpr": 0.010243643635473207,
    "fnr": 0.8828911253430924
  },
  "Fibrosis": {
    "true_positives": 5,
    "true_negatives": 25127,
    "false_positives": 34,
    "false_negatives": 430,
    "total_samples": 25596,
    "sensitivity": 0.011494252873563218,
    "specificity": 0.998648702356822,
    "precision": 0.1282051282051282,
    "npv": 0.9831748640294244,
    "f1_score": 0.021097046413502112,
    "accuracy": 0.981872167526176,
    "fpr": 0.001351297643177934,
    "fnr": 0.9885057471264368
  },
  "Effusion": {
    "true_positives": 1421,
    "true_negatives": 19367,
    "false_positives": 1571,
    "false_negatives": 3237,
    "total_samples": 25596,
    "sensitivity": 0.3050665521683126,
    "specificity": 0.9249689559652307,
    "precision": 0.4749331550802139,
    "npv": 0.8567952574765528,
    "f1_score": 0.37150326797385613,
    "accuracy": 0.8121581497108923,
    "fpr": 0.07503104403476932,
    "fnr": 0.6949334478316874
  },
  "Pneumonia": {
    "true_positives": 0,
    "true_negatives": 25029,
    "false_positives": 12,
    "false_negatives": 555,
    "total_samples": 25596,
    "sensitivity": 0.0,
    "specificity": 0.9995207859111058,
    "precision": 0.0,
    "npv": 0.9783067542213884,
    "f1_score": 0.0,
    "accuracy": 0.9778481012658228,
    "fpr": 0.0004792140888942135,
    "fnr": 1.0
  },
  "Pleural_Thickening": {
    "true_positives": 39,
    "true_negatives": 24257,
    "false_positives": 196,
    "false_negatives": 1104,
    "total_samples": 25596,
    "sensitivity": 0.03412073490813648,
    "specificity": 0.991984623563571,
    "precision": 0.16595744680851063,
    "npv": 0.9564685935097197,
    "f1_score": 0.05660377358490566,
    "accuracy": 0.9492108141897171,
    "fpr": 0.008015376436429068,
    "fnr": 0.9658792650918635
  },
  "Cardiomegaly": {
    "true_positives": 148,
    "true_negatives": 24350,
    "false_positives": 177,
    "false_negatives": 921,
    "total_samples": 25596,
    "sensitivity": 0.1384471468662301,
    "specificity": 0.9927834631222734,
    "precision": 0.4553846153846154,
    "npv": 0.9635550631158245,
    "f1_score": 0.21233859397417498,
    "accuracy": 0.9571026722925458,
    "fpr": 0.007216536877726587,
    "fnr": 0.8615528531337698
  },
  "Nodule": {
    "true_positives": 170,
    "true_negatives": 23208,
    "false_positives": 765,
    "false_negatives": 1453,
    "total_samples": 25596,
    "sensitivity": 0.10474430067775724,
    "specificity": 0.9680891002377675,
    "precision": 0.18181818181818182,
    "npv": 0.9410810591622399,
    "f1_score": 0.13291634089132132,
    "accuracy": 0.9133458352867636,
    "fpr": 0.03191089976223251,
    "fnr": 0.8952556993222428
  },
  "Mass": {
    "true_positives": 222,
    "true_negatives": 23230,
    "false_positives": 618,
    "false_negatives": 1526,
    "total_samples": 25596,
    "sensitivity": 0.12700228832951946,
    "specificity": 0.9740858772224086,
    "precision": 0.2642857142857143,
    "npv": 0.9383583777670059,
    "f1_score": 0.17156105100463678,
    "accuracy": 0.9162369120175027,
    "fpr": 0.025914122777591413,
    "fnr": 0.8729977116704806
  },
  "Hernia": {
    "true_positives": 0,
    "true_negatives": 25510,
    "false_positives": 0,
    "false_negatives": 86,
    "total_samples": 25596,
    "sensitivity": 0.0,
    "specificity": 1.0,
    "precision": 0.0,
    "npv": 0.9966401000156274,
    "f1_score": 0.0,
    "accuracy": 0.9966401000156274,
    "fpr": 0.0,
    "fnr": 1.0
  }
}