{
    "train_loss": [
        0.25544508752135936,
        0.1443960505250201,
        0.1385784589594261,
        0.13279004414116555,
        0.1259982050043598,
        0.11776001100013525,
        0.10750006182918019,
        0.09640076492401786,
        0.08485765815600615,
        0.07344971030051932
    ],
    "train_acc": [
        0.9234458729624748,
        0.9558822624385357,
        0.9562444649636745,
        0.956897672265768,
        0.9579337202012539,
        0.9597199782729149,
        0.9623276442289352,
        0.9654584936797619,
        0.969372570514679,
        0.973147340118885
    ],
    "train_f1_macro": [
        0.05019312253790026,
        0.025283928656084458,
        0.0419799261118007,
        0.07727110130054744,
        0.12875482660315976,
        0.1905300465485759,
        0.26826431367876,
        0.3506713423139089,
        0.4217291497960571,
        0.49854385628146136
    ],
    "train_f1_weighted": [
        0.08494870119481834,
        0.06021553014346935,
        0.09064923008251838,
        0.13815262491015193,
        0.19434375747810398,
        0.27001277487769704,
        0.36027737446707025,
        0.4497375733171206,
        0.5383433645822908,
        0.6157528450257027
    ],
    "val_loss": [
        0.14792323575222557,
        0.1416878874470478,
        0.13896349567555016,
        0.13810578639345336,
        0.13953371703376832,
        0.1434039042405302,
        0.15044872130158868,
        0.15690366124352112,
        0.16677669502533077,
        0.18010492741978984
    ],
    "val_acc": [
        0.9559210799634457,
        0.9559499733150005,
        0.9563668631017208,
        0.9563008211553097,
        0.955727081745863,
        0.9554794244468212,
        0.9533248022198677,
        0.9504767395555973,
        0.9501671679317951,
        0.9502621032297611
    ],
    "val_f1_macro": [
        0.016193156688512726,
        0.020205017547729402,
        0.05000607557407948,
        0.07044457026154756,
        0.09355659764535866,
        0.10299170359337265,
        0.11908184858992062,
        0.13754080406723285,
        0.14028459486639014,
        0.14991911236009692
    ],
    "val_f1_weighted": [
        0.03813828207718494,
        0.04597036629215196,
        0.11139691633409046,
        0.11728477915956585,
        0.15353469327929212,
        0.1670831891258552,
        0.1850703636505965,
        0.21769005368382754,
        0.2075209147135501,
        0.21867508992255627
    ]
}