{
  "Atelectasis": {
    "true_positives": 1053,
    "true_negatives": 19445,
    "false_positives": 2872,
    "false_negatives": 2226,
    "total_samples": 25596,
    "sensitivity": 0.3211344922232388,
    "specificity": 0.8713088676793476,
    "precision": 0.26828025477707007,
    "npv": 0.8972820820451294,
    "f1_score": 0.2923375902276513,
    "accuracy": 0.8008282544147522,
    "fpr": 0.1286911323206524,
    "fnr": 0.6788655077767612
  },
  "Consolidation": {
    "true_positives": 263,
    "true_negatives": 22270,
    "false_positives": 1511,
    "false_negatives": 1552,
    "total_samples": 25596,
    "sensitivity": 0.14490358126721764,
    "specificity": 0.9364618813338379,
    "precision": 0.14825253664036075,
    "npv": 0.9348501385274116,
    "f1_score": 0.1465589300640847,
    "accuracy": 0.8803328645100797,
    "fpr": 0.06353811866616206,
    "fnr": 0.8550964187327824
  },
  "Infiltration": {
    "true_positives": 3079,
    "true_negatives": 13076,
    "false_positives": 6408,
    "false_negatives": 3033,
    "total_samples": 25596,
    "sensitivity": 0.5037630890052356,
    "specificity": 0.6711147608293985,
    "precision": 0.32454938336671235,
    "npv": 0.8117201564342914,
    "f1_score": 0.3947688954420155,
    "accuracy": 0.6311533052039381,
    "fpr": 0.32888523917060153,
    "fnr": 0.4962369109947644
  },
  "Pneumothorax": {
    "true_positives": 835,
    "true_negatives": 21778,
    "false_positives": 1153,
    "false_negatives": 1830,
    "total_samples": 25596,
    "sensitivity": 0.3133208255159475,
    "specificity": 0.9497187213815359,
    "precision": 0.4200201207243461,
    "npv": 0.9224839037614369,
    "f1_score": 0.3589082312486568,
    "accuracy": 0.8834583528676355,
    "fpr": 0.05028127861846409,
    "fnr": 0.6866791744840526
  },
  "Edema": {
    "true_positives": 176,
    "true_negatives": 23871,
    "false_positives": 800,
    "false_negatives": 749,
    "total_samples": 25596,
    "sensitivity": 0.19027027027027027,
    "specificity": 0.9675732641562969,
    "precision": 0.18032786885245902,
    "npv": 0.9695775792038993,
    "f1_score": 0.18516570226196735,
    "accuracy": 0.9394827316768245,
    "fpr": 0.03242673584370313,
    "fnr": 0.8097297297297297
  },
  "Emphysema": {
    "true_positives": 482,
    "true_negatives": 23618,
    "false_positives": 885,
    "false_negatives": 611,
    "total_samples": 25596,
    "sensitivity": 0.4409881061299177,
    "specificity": 0.9638819736358814,
    "precision": 0.35259692757863936,
    "npv": 0.9747822856907012,
    "f1_score": 0.391869918699187,
    "accuracy": 0.9415533677137052,
    "fpr": 0.03611802636411868,
    "fnr": 0.5590118938700823
  },
  "Fibrosis": {
    "true_positives": 31,
    "true_negatives": 24886,
    "false_positives": 275,
    "false_negatives": 404,
    "total_samples": 25596,
    "sensitivity": 0.07126436781609195,
    "specificity": 0.9890703867095902,
    "precision": 0.10130718954248366,
    "npv": 0.9840253064452352,
    "f1_score": 0.08367071524966263,
    "accuracy": 0.9734724175652446,
    "fpr": 0.010929613290409762,
    "fnr": 0.9287356321839081
  },
  "Effusion": {
    "true_positives": 2419,
    "true_negatives": 17487,
    "false_positives": 3451,
    "false_negatives": 2239,
    "total_samples": 25596,
    "sensitivity": 0.5193215972520395,
    "specificity": 0.8351800554016621,
    "precision": 0.4120954003407155,
    "npv": 0.8864949812430295,
    "f1_score": 0.4595364741641337,
    "accuracy": 0.7776996405688389,
    "fpr": 0.16481994459833796,
    "fnr": 0.4806784027479605
  },
  "Pneumonia": {
    "true_positives": 18,
    "true_negatives": 24815,
    "false_positives": 226,
    "false_negatives": 537,
    "total_samples": 25596,
    "sensitivity": 0.032432432432432434,
    "specificity": 0.9909748013258256,
    "precision": 0.07377049180327869,
    "npv": 0.9788182391921741,
    "f1_score": 0.04505632040050063,
    "accuracy": 0.9701906547898109,
    "fpr": 0.009025198674174353,
    "fnr": 0.9675675675675676
  },
  "Pleural_Thickening": {
    "true_positives": 123,
    "true_negatives": 23762,
    "false_positives": 691,
    "false_negatives": 1020,
    "total_samples": 25596,
    "sensitivity": 0.10761154855643044,
    "specificity": 0.9717417085838138,
    "precision": 0.1511056511056511,
    "npv": 0.9588410943426681,
    "f1_score": 0.12570260602963718,
    "accuracy": 0.9331536177527738,
    "fpr": 0.028258291416186153,
    "fnr": 0.8923884514435696
  },
  "Cardiomegaly": {
    "true_positives": 330,
    "true_negatives": 23830,
    "false_positives": 697,
    "false_negatives": 739,
    "total_samples": 25596,
    "sensitivity": 0.3086997193638915,
    "specificity": 0.9715823378317773,
    "precision": 0.3213242453748783,
    "npv": 0.9699214457242867,
    "f1_score": 0.31488549618320616,
    "accuracy": 0.9438974839818721,
    "fpr": 0.028417662168222776,
    "fnr": 0.6913002806361085
  },
  "Nodule": {
    "true_positives": 283,
    "true_negatives": 22605,
    "false_positives": 1368,
    "false_negatives": 1340,
    "total_samples": 25596,
    "sensitivity": 0.17436845348120764,
    "specificity": 0.9429358027781254,
    "precision": 0.17141126589945488,
    "npv": 0.9440384213823345,
    "f1_score": 0.17287721441661574,
    "accuracy": 0.8942022190967339,
    "fpr": 0.057064197221874606,
    "fnr": 0.8256315465187923
  },
  "Mass": {
    "true_positives": 520,
    "true_negatives": 22292,
    "false_positives": 1556,
    "false_negatives": 1228,
    "total_samples": 25596,
    "sensitivity": 0.2974828375286041,
    "specificity": 0.9347534384434754,
    "precision": 0.2504816955684008,
    "npv": 0.9477891156462585,
    "f1_score": 0.2719665271966527,
    "accuracy": 0.8912330051570558,
    "fpr": 0.06524656155652465,
    "fnr": 0.7025171624713958
  },
  "Hernia": {
    "true_positives": 23,
    "true_negatives": 25485,
    "false_positives": 25,
    "false_negatives": 63,
    "total_samples": 25596,
    "sensitivity": 0.26744186046511625,
    "specificity": 0.9990199921599373,
    "precision": 0.4791666666666667,
    "npv": 0.9975340535462659,
    "f1_score": 0.34328358208955223,
    "accuracy": 0.9965619628066885,
    "fpr": 0.0009800078400627205,
    "fnr": 0.7325581395348837
  }
}