{
  "epoch": 80,
  "best_epoch": 31,
  "train_loss": [
    1.1281392357816538,
    0.9740847815206883,
    0.8732145015776929,
    0.7893697608420677,
    0.6989927773747779,
    0.62283349351169,
    0.5527099052550832,
    0.5020807900237068,
    0.4736479131742458,
    0.4399234319033442,
    0.39392721198512975,
    0.38957162416934304,
    0.34639959468363396,
    0.33644006888135963,
    0.3143296903498512,
    0.2893792443982775,
    0.28094774983176024,
    0.27318270228348684,
    0.2570681891519432,
    0.21141765982449715,
    0.18540873215318607,
    0.17237803568226903,
    0.16598687998523554,
    0.1521933856669834,
    0.1514305389019731,
    0.12706069378337226,
    0.11927344021000065,
    0.11031219032687753,
    0.10557779299642704,
    0.09830083805110561,
    0.09594124840450251,
    0.08921632075565221,
    0.09088352429482556,
    0.08544969115950264,
    0.08317350225640176,
    0.07733212374736058,
    0.0756750162970619,
    0.07345573135863391,
    0.07281154861188255,
    0.07340961329935053,
    0.07012866898190209,
    0.06970283596358105,
    0.07014653889131826,
    0.06862540767474751,
    0.06824128539430566,
    0.06923389104203546,
    0.06710143188055942,
    0.0686772850655405,
    0.06585558213365855,
    0.06821355249391879,
    0.06596857001798404,
    0.06469735457835626,
    0.06417767282027938,
    0.06446835432156865,
    0.06573676133903635,
    0.0665637170233163,
    0.06558698319697447,
    0.06418173349429741,
    0.06746929211502416,
    0.06471761346100907,
    0.06639456429627212,
    0.06518583414497718,
    0.06615247376359544,
    0.06546639148214774,
    0.06550417495237289,
    0.06434769360710094,
    0.06404457614643502,
    0.06620785192020114,
    0.0641102195935162,
    0.07049809298830971,
    0.0658650427252784,
    0.06693629043042494,
    0.06461201647559935,
    0.06395996273529686,
    0.06606175615615771,
    0.0658746430281956,
    0.06500939647847866,
    0.06764630037712797,
    0.06441177153708534,
    0.06628766518203257
  ],
  "train_acc": [
    0.6670670509338379,
    0.7318820357322693,
    0.7659478187561035,
    0.7874004244804382,
    0.8111346364021301,
    0.8309310078620911,
    0.8496149778366089,
    0.8634644150733948,
    0.871795117855072,
    0.8817840814590454,
    0.8938266038894653,
    0.8949049711227417,
    0.9061787128448486,
    0.9102176427841187,
    0.9162595868110657,
    0.9218659996986389,
    0.9256026148796082,
    0.9280698895454407,
    0.9323678612709045,
    0.9436829090118408,
    0.9507360458374023,
    0.9546284675598145,
    0.9576396346092224,
    0.9602751731872559,
    0.9622905254364014,
    0.9671673774719238,
    0.9695841073989868,
    0.9717408418655396,
    0.9730616807937622,
    0.9752328395843506,
    0.9759458899497986,
    0.977394700050354,
    0.9778766632080078,
    0.9788156747817993,
    0.9792717695236206,
    0.9806762337684631,
    0.9810518622398376,
    0.9816173315048218,
    0.981852650642395,
    0.9823273420333862,
    0.9825966358184814,
    0.9828763008117676,
    0.9831734895706177,
    0.9832158088684082,
    0.9835243225097656,
    0.9833829402923584,
    0.9837307333946228,
    0.983573853969574,
    0.9837884902954102,
    0.9837358593940735,
    0.9837761521339417,
    0.9841662049293518,
    0.9840599298477173,
    0.984093964099884,
    0.9841393828392029,
    0.9840103983879089,
    0.9839298725128174,
    0.9838225841522217,
    0.984157919883728,
    0.9841217994689941,
    0.9842270612716675,
    0.9843096137046814,
    0.9841372966766357,
    0.9842208623886108,
    0.9839897155761719,
    0.9840341210365295,
    0.984149694442749,
    0.9842404723167419,
    0.9843106865882874,
    0.9838917255401611,
    0.9838370084762573,
    0.9841341972351074,
    0.9840733408927917,
    0.9840630292892456,
    0.9841042757034302,
    0.9840444326400757,
    0.9840970635414124,
    0.9842239618301392,
    0.9840991497039795,
    0.9840722680091858
  ],
  "train_f1_macro": [
    0.13595778731862726,
    0.16665617642897848,
    0.1876613562488678,
    0.21049432308876742,
    0.24377809882923437,
    0.26997162963294996,
    0.3087968880049198,
    0.34378958504134555,
    0.3476873420646957,
    0.36959137478722554,
    0.4140911411776608,
    0.40093561940748595,
    0.45922130796964106,
    0.46440851583754833,
    0.4987680648191157,
    0.523051311710449,
    0.5408574233732686,
    0.5499308053483993,
    0.5630956663979497,
    0.6251636052430409,
    0.685260772319153,
    0.7082702284748489,
    0.7260375024812608,
    0.7375314963811331,
    0.7385001471500708,
    0.7799511025822911,
    0.7950252426868828,
    0.8100943124264255,
    0.8206606848832024,
    0.8358100975821424,
    0.8380175984278344,
    0.8500697102818778,
    0.8541270371535367,
    0.8577132702179581,
    0.860909099432461,
    0.8702228689949616,
    0.8733549604057546,
    0.8769764733327955,
    0.8754953340887165,
    0.8854741690076517,
    0.8822631271386061,
    0.8859027674207215,
    0.8881893662949906,
    0.8864325289660243,
    0.8902116687903597,
    0.8892427709402447,
    0.8908782497575343,
    0.8913784811016404,
    0.8933570107689409,
    0.8914534883675611,
    0.8908998303765973,
    0.8927532355955,
    0.8906899505752744,
    0.8937689610255432,
    0.8935958922557343,
    0.8928958330063334,
    0.891876780616834,
    0.8917054051533887,
    0.8948083034376016,
    0.8951206350617567,
    0.8942614057029797,
    0.8946448690913972,
    0.8938055808849701,
    0.8971909360759636,
    0.89330507732084,
    0.8935221366174649,
    0.8948457597563904,
    0.8950944292704605,
    0.8962646337399266,
    0.8917863554561498,
    0.89124596468372,
    0.8942708488893064,
    0.8948815140751735,
    0.8914908165736843,
    0.8939763371535755,
    0.8941031669845826,
    0.8931173050307316,
    0.8947327289641994,
    0.8931054673690983,
    0.8942846621768602
  ],
  "train_f1_weighted": [
    0.2293636625635847,
    0.26360921444036123,
    0.2806643787670045,
    0.2941946890634518,
    0.3108783685992834,
    0.3271452474961156,
    0.3466850298704016,
    0.3650498856416978,
    0.3795394994469304,
    0.3977866195212716,
    0.42221560109836814,
    0.42609617734578936,
    0.4528250223012624,
    0.4648041304948062,
    0.4840462495895104,
    0.5029579226016038,
    0.5159616174782738,
    0.5258168697493775,
    0.5428556693009648,
    0.5931511971268907,
    0.6284579003514257,
    0.6498140380622173,
    0.6669875326626948,
    0.6818087032078575,
    0.6941447567930674,
    0.7253619656506329,
    0.741782902477751,
    0.7562471583904179,
    0.7656650892504938,
    0.7810699182653412,
    0.786263550695991,
    0.7972660669901369,
    0.8003239481165141,
    0.8071023654073304,
    0.8106328496287379,
    0.8216401680986224,
    0.8242696802158448,
    0.8289533217279519,
    0.8305837587649053,
    0.8345309762172853,
    0.8367420793765288,
    0.8388608363178088,
    0.8413925971345279,
    0.8417486961580283,
    0.8439555416248992,
    0.8430124800177297,
    0.8455952466084634,
    0.8444967899111115,
    0.8463100938001629,
    0.8458577256905973,
    0.8463697487062601,
    0.8493207194061906,
    0.8484118341608328,
    0.8487625181952901,
    0.8490729575691028,
    0.8477736965226681,
    0.847134039493981,
    0.8465555326722992,
    0.8493411920467641,
    0.8489975521400975,
    0.8496291454208877,
    0.8503894071881807,
    0.8491305503254591,
    0.849847518390782,
    0.8476590409416379,
    0.8481592964578792,
    0.8492163871618931,
    0.8498755715872702,
    0.8505501339052126,
    0.8466417563175583,
    0.8464501445747892,
    0.8489320890570223,
    0.8486579848099799,
    0.8482452698997075,
    0.8486131929205508,
    0.8481137697647165,
    0.8484856204164475,
    0.8496819898077661,
    0.8486075965256217,
    0.8486249524676669
  ],