{
  "Atelectasis": {
    "true_positives": 162,
    "true_negatives": 20771,
    "false_positives": 1546,
    "false_negatives": 3117,
    "total_samples": 25596,
    "sensitivity": 0.04940530649588289,
    "specificity": 0.9307254559304566,
    "precision": 0.09484777517564402,
    "npv": 0.8695160750167448,
    "f1_score": 0.06496891918989373,
    "accuracy": 0.8178230973589623,
    "fpr": 0.06927454406954339,
    "fnr": 0.9505946935041171
  },
  "Consolidation": {
    "true_positives": 116,
    "true_negatives": 22691,
    "false_positives": 1090,
    "false_negatives": 1699,
    "total_samples": 25596,
    "sensitivity": 0.06391184573002755,
    "specificity": 0.9541650897775535,
    "precision": 0.09618573797678276,
    "npv": 0.9303403034030341,
    "f1_score": 0.07679576299238662,
    "accuracy": 0.8910376621347086,
    "fpr": 0.04583491022244649,
    "fnr": 0.9360881542699725
  },
  "Infiltration": {
    "true_positives": 1529,
    "true_negatives": 14719,
    "false_positives": 4765,
    "false_negatives": 4583,
    "total_samples": 25596,
    "sensitivity": 0.250163612565445,
    "specificity": 0.7554403613221105,
    "precision": 0.24292977438830632,
    "npv": 0.7625634649259144,
    "f1_score": 0.24649363211349345,
    "accuracy": 0.6347866854195968,
    "fpr": 0.24455963867788955,
    "fnr": 0.7498363874345549
  },
  "Pneumothorax": {
    "true_positives": 1830,
    "true_negatives": 6757,
    "false_positives": 16174,
    "false_negatives": 835,
    "total_samples": 25596,
    "sensitivity": 0.6866791744840526,
    "specificity": 0.29466660852121584,
    "precision": 0.10164407909353478,
    "npv": 0.8900158061116965,
    "f1_score": 0.17707678165368426,
    "accuracy": 0.335482106579153,
    "fpr": 0.7053333914787842,
    "fnr": 0.3133208255159475
  },
  "Edema": {
    "true_positives": 546,
    "true_negatives": 9691,
    "false_positives": 14980,
    "false_negatives": 379,
    "total_samples": 25596,
    "sensitivity": 0.5902702702702702,
    "specificity": 0.39280937132665883,
    "precision": 0.0351668169522092,
    "npv": 0.9623634558093347,
    "f1_score": 0.06637894352926874,
    "accuracy": 0.3999453039537428,
    "fpr": 0.6071906286733412,
    "fnr": 0.4097297297297297
  },
  "Emphysema": {
    "true_positives": 569,
    "true_negatives": 13509,
    "false_positives": 10994,
    "false_negatives": 524,
    "total_samples": 25596,
    "sensitivity": 0.5205855443732845,
    "specificity": 0.5513202465004285,
    "precision": 0.04920868286776788,
    "npv": 0.9626594455925319,
    "f1_score": 0.08991782553729456,
    "accuracy": 0.5500078137208939,
    "fpr": 0.44867975349957145,
    "fnr": 0.4794144556267155
  },
  "Fibrosis": {
    "true_positives": 431,
    "true_negatives": 612,
    "false_positives": 24549,
    "false_negatives": 4,
    "total_samples": 25596,
    "sensitivity": 0.9908045977011494,
    "specificity": 0.024323357577202814,
    "precision": 0.017253803042433947,
    "npv": 0.9935064935064936,
    "f1_score": 0.033916978162502456,
    "accuracy": 0.04074855446163463,
    "fpr": 0.9756766424227972,
    "fnr": 0.009195402298850575
  },
  "Effusion": {
    "true_positives": 5,
    "true_negatives": 20925,
    "false_positives": 13,
    "false_negatives": 4653,
    "total_samples": 25596,
    "sensitivity": 0.00107342206955775,
    "specificity": 0.9993791193046137,
    "precision": 0.2777777777777778,
    "npv": 0.8180858550316679,
    "f1_score": 0.00213857998289136,
    "accuracy": 0.817705891545554,
    "fpr": 0.0006208806953863789,
    "fnr": 0.9989265779304423
  },
  "Pneumonia": {
    "true_positives": 297,
    "true_negatives": 11035,
    "false_positives": 14006,
    "false_negatives": 258,
    "total_samples": 25596,
    "sensitivity": 0.5351351351351351,
    "specificity": 0.44067728924563715,
    "precision": 0.02076487450185276,
    "npv": 0.9771539891968476,
    "f1_score": 0.03997846278099341,
    "accuracy": 0.44272542584778873,
    "fpr": 0.5593227107543628,
    "fnr": 0.4648648648648649
  },
  "Pleural_Thickening": {
    "true_positives": 1116,
    "true_negatives": 527,
    "false_positives": 23926,
    "false_negatives": 27,
    "total_samples": 25596,
    "sensitivity": 0.9763779527559056,
    "specificity": 0.02155154786733734,
    "precision": 0.04456513058062455,
    "npv": 0.9512635379061372,
    "f1_score": 0.08523964101584877,
    "accuracy": 0.06418971714330364,
    "fpr": 0.9784484521326626,
    "fnr": 0.023622047244094488
  },
  "Cardiomegaly": {
    "true_positives": 349,
    "true_negatives": 17993,
    "false_positives": 6534,
    "false_negatives": 720,
    "total_samples": 25596,
    "sensitivity": 0.3264733395696913,
    "specificity": 0.7335997064459575,
    "precision": 0.05070463460700276,
    "npv": 0.9615240741730348,
    "f1_score": 0.08777665995975854,
    "accuracy": 0.7165963431786216,
    "fpr": 0.2664002935540425,
    "fnr": 0.6735266604303087
  },
  "Nodule": {
    "true_positives": 91,
    "true_negatives": 22955,
    "false_positives": 1018,
    "false_negatives": 1532,
    "total_samples": 25596,
    "sensitivity": 0.056069008009858284,
    "specificity": 0.9575355608392775,
    "precision": 0.08205590622182146,
    "npv": 0.9374361906317638,
    "f1_score": 0.06661786237188873,
    "accuracy": 0.9003750586029067,
    "fpr": 0.04246443916072248,
    "fnr": 0.9439309919901417
  },
  "Mass": {
    "true_positives": 1511,
    "true_negatives": 2929,
    "false_positives": 20919,
    "false_negatives": 237,
    "total_samples": 25596,
    "sensitivity": 0.86441647597254,
    "specificity": 0.12281952364978195,
    "precision": 0.06736513597860008,
    "npv": 0.925142135186355,
    "f1_score": 0.12498966002150715,
    "accuracy": 0.17346460384435067,
    "fpr": 0.877180476350218,
    "fnr": 0.13558352402745996
  },
  "Hernia": {
    "true_positives": 34,
    "true_negatives": 14061,
    "false_positives": 11449,
    "false_negatives": 52,
    "total_samples": 25596,
    "sensitivity": 0.3953488372093023,
    "specificity": 0.5511956095648766,
    "precision": 0.00296089871984673,
    "npv": 0.996315453836888,
    "f1_score": 0.0058777768173567295,
    "accuracy": 0.5506719799968746,
    "fpr": 0.4488043904351235,
    "fnr": 0.6046511627906976
  }
}