{
  "epoch": 40,
  "best_epoch": 23,
  "train_loss": [
    1.1139940934844466,
    0.9672125440207956,
    0.8631355635505066,
    0.7773825176982915,
    0.6834638414839059,
    0.615097400097111,
    0.5510659429370366,
    0.49815139409271714,
    0.4547346044200956,
    0.42441835279908724,
    0.40719279268835695,
    0.3591949937455425,
    0.34029376500952374,
    0.3224203592018257,
    0.3079600884835623,
    0.2873964937414127,
    0.27812509415688447,
    0.26404008007300206,
    0.22801883372369733,
    0.20085081276647374,
    0.18014128648722458,
    0.16925139740701634,
    0.159314570067082,
    0.1528106760509078,
    0.16737902165836416,
    0.13306726837210536,
    0.13357012792251136,
    0.11393018582295247,
    0.10264371407980895,
    0.09870973992886198,
    0.09383738090502797,
    0.08482425679864151,
    0.08343657394079233,
    0.07786323588647899,
    0.07460701864216195,
    0.07167618100784458,
    0.07091851921342382,
    0.06848029296177262,
    0.06839175822769332,
    0.06565710347810289
  ],
  "train_acc": [
    0.6722070574760437,
    0.7355515956878662,
    0.767787754535675,
    0.7914909720420837,
    0.8158907890319824,
    0.8340350389480591,
    0.8501133918762207,
    0.8646078109741211,
    0.876278817653656,
    0.8858705163002014,
    0.8916575312614441,
    0.9027424454689026,
    0.9082497954368591,
    0.9127407073974609,
    0.9179632663726807,
    0.923987627029419,
    0.9268646240234375,
    0.9305382966995239,
    0.9392218589782715,
    0.9486722350120544,
    0.9522086381912231,
    0.9560133218765259,
    0.9582267999649048,
    0.9601461887359619,
    0.9628859162330627,
    0.9657453894615173,
    0.9672695398330688,
    0.9710804224014282,
    0.9741318225860596,
    0.9753504991531372,
    0.9767941236495972,
    0.978766143321991,
    0.9798538088798523,
    0.9808000922203064,
    0.9815708994865417,
    0.9824377298355103,
    0.9826564788818359,
    0.98333340883255,
    0.9835831522941589,
    0.9839463829994202
  ],
  "train_f1_macro": [
    0.13783584104961263,
    0.1687555198870663,
    0.1904759727427116,
    0.2124821754026061,
    0.24875406922390067,
    0.27131696328030175,
    0.30780435110708215,
    0.34534373473929814,
    0.3762915004780864,
    0.3981816566181327,
    0.3941851647490899,
    0.4449344431143619,
    0.46633732080832385,
    0.4860026645771223,
    0.5087803069584805,
    0.5335037991841336,
    0.53543532215806,
    0.5539903488842132,
    0.5850746396235162,
    0.6629789230929423,
    0.6841936081773989,
    0.7104652217948152,
    0.7181927777378235,
    0.7292755382175554,
    0.7421010740696105,
    0.7555641436303795,
    0.7667434302293037,
    0.7905471729639653,
    0.8160136088939381,
    0.8256026627293591,
    0.8288826016565813,
    0.8480198899832667,
    0.8564184699934041,
    0.8597491775185049,
    0.868485764298511,
    0.8770206323853371,
    0.8796424589508874,
    0.8828141675886413,
    0.88225340150702,
    0.8881879248149553
  ],
  "train_f1_weighted": [
    0.2303961778926198,
    0.26489227501092116,
    0.2826590785796952,
    0.29714268476190153,
    0.3143586788873135,
    0.331110111896231,
    0.35019025306951257,
    0.36857155389370283,
    0.38842358281333655,
    0.4067147148358838,
    0.418469138079368,
    0.4445842393592457,
    0.46041259824202646,
    0.47377891511001635,
    0.49081979589191993,
    0.5105898356968902,
    0.5218024829002035,
    0.5365027241522728,
    0.572908520852778,
    0.6183923411820887,
    0.6369470795743333,
    0.6576760607448373,
    0.6700622420678055,
    0.6813104821470027,
    0.6975077063944239,
    0.7151051021495477,
    0.724554507236077,
    0.7501953893550194,
    0.7718917716254052,
    0.7805206552228795,
    0.7906945792774607,
    0.8057996889460125,
    0.8141022402622606,
    0.8213591948019865,
    0.827476390749057,
    0.8343922496874507,
    0.8362425456317111,
    0.8416867023869876,
    0.8439814635383311,
    0.8468734040260189
  ],
  "val_loss": [
    1.0124118496662147,
    0.9836926004141845,
    1.0260637415204603,
    1.0831917079230995,
    1.179441624009455,
    1.2818029557050046,
    1.451652007711132,
    1.6729417945122322,
    1.810906028846716,
    2.1051597640386572,
    2.2903868285543156,
    2.3737265986567726,
    2.6074714593437816,
    2.8663554708309844,
    2.883353669630181,
    2.932846228703994,
    3.212837423557715,
    3.0162792546251125,
    3.5823880794859195,
    3.8982257954845148,
    3.9599160617028057,
    4.272807024157642,
    4.560685029256806,
    4.3703023155052865,
    4.6292372540383155,
    4.9619591719782505,
    4.8176642250331625,
    5.188168155067289,
    5.336954605722604,
    5.496776961134454,
    5.290091485335955,
    5.507225715519099,
    5.477287185004811,
    5.548788913627209,
    5.766732396017382,
    5.92749059894389,
    5.934850978653003,
    6.045881737071793,
    5.719438840082525,
    6.038779348851132
  ],
  "val_acc": [
    0.7252074480056763,
    0.7309943437576294,
    0.7763156890869141,
    0.7944524884223938,
    0.7974202632904053,
    0.8024228811264038,
    0.8287612795829773,
    0.8353325128555298,
    0.8432657718658447,
    0.8665662407875061,
    0.8806620836257935,
    0.8689354658126831,
    0.8789945244789124,
    0.8944194316864014,
    0.8906922340393066,
    0.8944772481918335,
    0.8917653560638428,
    0.8853799700737,
    0.9072192311286926,
    0.9106699228286743,
    0.9102942943572998,
    0.9134560823440552,
    0.9187765717506409,
    0.9200974106788635,
    0.9210302829742432,
    0.9265034794807434,
    0.9231889843940735,
    0.9273703098297119,
    0.9260907173156738,
    0.927646815776825,
    0.9288108348846436,
    0.9311801195144653,
    0.9294382333755493,
    0.9286003112792969,
    0.9334874153137207,
    0.9346679449081421,
    0.9335864782333374,
    0.9342840909957886,
    0.9300615191459656,
    0.9360672235488892
  ],
  "val_f1_macro": [
    0.1642260168482334,
    0.17012195138210373,
    0.18399789325066185,
    0.2030468415617479,
    0.20167842024798985,
    0.207024335008454,
    0.22194073662301997,
    0.2184375041505468,
    0.2293431801725508,
    0.23821462155422307,
    0.2399237325201193,
    0.23696779446896743,
    0.24612456775275923,
    0.2578907760190435,
    0.2532066780804637,
    0.25032755160647746,
    0.24706207450134118,
    0.23355597674914735,
    0.2612877954552124,
    0.26324223992952406,
    0.25775889791515244,
    0.2584231194407352,
    0.2701630163132405,
    0.2607471241050881,
    0.26543901880923293,
    0.2642337032522222,
    0.25732194702322675,
    0.25874999514111513,
    0.25967486790207567,
    0.26141539579584716,
    0.26179858438299974,
    0.2630165871628218,
    0.262123137727208,
    0.26587945109801125,
    0.26492438200387364,
    0.26172905525386425,
    0.26363228098271874,
    0.26042719857181884,
    0.2628378255982532,
    0.26458730795912844
  ],
  "val_f1_weighted": [
    0.2678701869426387,
    0.2705746108801774,
    0.2858773460473512,
    0.29725059888931316,
    0.29264169407004836,
    0.2914286313473397,
    0.29935114520607353,
    0.29702072140195884,
    0.30417773450191543,
    0.31120198634084395,
    0.31795153650352154,
    0.3106191544314452,
    0.3142406626593657,
    0.32201302682783167,
    0.31977936666941453,
    0.3202663273376789,
    0.31771909434418855,
    0.31065762210877296,
    0.3280479059359085,
    0.3260761491626484,
    0.3251811505236968,
    0.32287920167061146,
    0.3304165304628639,
    0.3206007255210295,
    0.32300309547209083,
    0.3193579626661376,
    0.31817109719485265,
    0.3150597475342748,
    0.3152059327138528,
    0.3159132970132272,
    0.3129680710753732,
    0.3136307158995834,
    0.315320399516921,
    0.32059073588753517,
    0.3148932323513682,
    0.31048042799139286,
    0.31279715809127395,
    0.3099452811670383,
    0.31418878036853265,
    0.3114843880265711
  ]
}