{
  "Atelectasis": {
    "true_positives": 945,
    "true_negatives": 19462,
    "false_positives": 2855,
    "false_negatives": 2334,
    "total_samples": 25596,
    "sensitivity": 0.2881976212259835,
    "specificity": 0.8720706188107721,
    "precision": 0.24868421052631579,
    "npv": 0.8929161314002569,
    "f1_score": 0.2669868625512078,
    "accuracy": 0.7972730114080325,
    "fpr": 0.12792938118922795,
    "fnr": 0.7118023787740164,
    "auc": 0.6591029629171383,
    "auprc": 0.21791060523574
  },
  "Consolidation": {
    "true_positives": 194,
    "true_negatives": 22203,
    "false_positives": 1578,
    "false_negatives": 1621,
    "total_samples": 25596,
    "sensitivity": 0.1068870523415978,
    "specificity": 0.9336445061183297,
    "precision": 0.10948081264108352,
    "npv": 0.9319593687038281,
    "f1_score": 0.10816838583774743,
    "accuracy": 0.8750195343022347,
    "fpr": 0.06635549388167024,
    "fnr": 0.8931129476584022,
    "auc": 0.6208878467809394,
    "auprc": 0.09822605301955477
  },
  "Infiltration": {
    "true_positives": 3353,
    "true_negatives": 11837,
    "false_positives": 7647,
    "false_negatives": 2759,
    "total_samples": 25596,
    "sensitivity": 0.5485929319371727,
    "specificity": 0.6075241223568055,
    "precision": 0.3048181818181818,
    "npv": 0.8109756097560976,
    "f1_score": 0.3918887330528284,
    "accuracy": 0.5934521018909205,
    "fpr": 0.3924758776431944,
    "fnr": 0.4514070680628272,
    "auc": 0.6100830668821028,
    "auprc": 0.318693797431426
  },
  "Pneumothorax": {
    "true_positives": 633,
    "true_negatives": 21859,
    "false_positives": 1072,
    "false_negatives": 2032,
    "total_samples": 25596,
    "sensitivity": 0.23752345215759849,
    "specificity": 0.9532510575203873,
    "precision": 0.3712609970674487,
    "npv": 0.914947051190825,
    "f1_score": 0.2897025171624714,
    "accuracy": 0.8787310517268323,
    "fpr": 0.046748942479612754,
    "fnr": 0.7624765478424015,
    "auc": 0.7611532206538859,
    "auprc": 0.272652157119166
  },
  "Edema": {
    "true_positives": 148,
    "true_negatives": 23937,
    "false_positives": 734,
    "false_negatives": 777,
    "total_samples": 25596,
    "sensitivity": 0.16,
    "specificity": 0.9702484698634024,
    "precision": 0.16780045351473924,
    "npv": 0.9685603301772275,
    "f1_score": 0.16380741560597675,
    "accuracy": 0.9409673386466635,
    "fpr": 0.029751530136597624,
    "fnr": 0.84,
    "auc": 0.7607731804602625,
    "auprc": 0.11357143188016401
  },
  "Emphysema": {
    "true_positives": 225,
    "true_negatives": 23845,
    "false_positives": 658,
    "false_negatives": 868,
    "total_samples": 25596,
    "sensitivity": 0.20585544373284537,
    "specificity": 0.9731461453699547,
    "precision": 0.2548131370328426,
    "npv": 0.9648767854975114,
    "f1_score": 0.2277327935222672,
    "accuracy": 0.9403813095796218,
    "fpr": 0.0268538546300453,
    "fnr": 0.7941445562671546,
    "auc": 0.7682414973254763,
    "auprc": 0.15985300359964755
  },
  "Fibrosis": {
    "true_positives": 11,
    "true_negatives": 25005,
    "false_positives": 156,
    "false_negatives": 424,
    "total_samples": 25596,
    "sensitivity": 0.02528735632183908,
    "specificity": 0.993799928460713,
    "precision": 0.0658682634730539,
    "npv": 0.983326123717016,
    "f1_score": 0.03654485049833887,
    "accuracy": 0.9773402094077199,
    "fpr": 0.0062000715392869915,
    "fnr": 0.9747126436781609,
    "auc": 0.6714892186274417,
    "auprc": 0.0394593353670476
  },
  "Effusion": {
    "true_positives": 2174,
    "true_negatives": 17026,
    "false_positives": 3912,
    "false_negatives": 2484,
    "total_samples": 25596,
    "sensitivity": 0.46672391584370976,
    "specificity": 0.8131626707421913,
    "precision": 0.3572132763720013,
    "npv": 0.8726806765761148,
    "f1_score": 0.4046909903201787,
    "accuracy": 0.7501172058134083,
    "fpr": 0.18683732925780877,
    "fnr": 0.5332760841562902,
    "auc": 0.7315244006297847,
    "auprc": 0.3637706536329419
  },
  "Pneumonia": {
    "true_positives": 9,
    "true_negatives": 24758,
    "false_positives": 283,
    "false_negatives": 546,
    "total_samples": 25596,
    "sensitivity": 0.016216216216216217,
    "specificity": 0.9886985344035781,
    "precision": 0.030821917808219176,
    "npv": 0.9784223838128359,
    "f1_score": 0.021251475796930343,
    "accuracy": 0.9676121268948273,
    "fpr": 0.011301465596421869,
    "fnr": 0.9837837837837838,
    "auc": 0.5858586152943407,
    "auprc": 0.028508417727180428
  },
  "Pleural_Thickening": {
    "true_positives": 106,
    "true_negatives": 23671,
    "false_positives": 782,
    "false_negatives": 1037,
    "total_samples": 25596,
    "sensitivity": 0.09273840769903761,
    "specificity": 0.9680202838097575,
    "precision": 0.11936936936936937,
    "npv": 0.9580297879229399,
    "f1_score": 0.10438207779419004,
    "accuracy": 0.9289342084700735,
    "fpr": 0.03197971619024251,
    "fnr": 0.9072615923009624,
    "auc": 0.6612239402680071,
    "auprc": 0.08042737378550821
  },
  "Cardiomegaly": {
    "true_positives": 248,
    "true_negatives": 24010,
    "false_positives": 517,
    "false_negatives": 821,
    "total_samples": 25596,
    "sensitivity": 0.23199251637043966,
    "specificity": 0.978921188893872,
    "precision": 0.3241830065359477,
    "npv": 0.9669364906769764,
    "f1_score": 0.27044711014176664,
    "accuracy": 0.9477262072198781,
    "fpr": 0.02107881110612794,
    "fnr": 0.7680074836295603,
    "auc": 0.8089078098503003,
    "auprc": 0.21593970109212218
  },
  "Nodule": {
    "true_positives": 204,
    "true_negatives": 22396,
    "false_positives": 1577,
    "false_negatives": 1419,
    "total_samples": 25596,
    "sensitivity": 0.1256931608133087,
    "specificity": 0.9342176615358946,
    "precision": 0.11454239191465469,
    "npv": 0.9404157043879907,
    "f1_score": 0.11985898942420684,
    "accuracy": 0.8829504610095328,
    "fpr": 0.06578233846410546,
    "fnr": 0.8743068391866913,
    "auc": 0.5866429652233275,
    "auprc": 0.09116551874509383
  },
  "Mass": {
    "true_positives": 355,
    "true_negatives": 22292,
    "false_positives": 1556,
    "false_negatives": 1393,
    "total_samples": 25596,
    "sensitivity": 0.2030892448512586,
    "specificity": 0.9347534384434754,
    "precision": 0.1857666143380429,
    "npv": 0.9411864048976145,
    "f1_score": 0.1940420880021864,
    "accuracy": 0.8847866854195968,
    "fpr": 0.06524656155652465,
    "fnr": 0.7969107551487414,
    "auc": 0.6676610380234237,
    "auprc": 0.13692221383560052
  },
  "Hernia": {
    "true_positives": 3,
    "true_negatives": 25490,
    "false_positives": 20,
    "false_negatives": 83,
    "total_samples": 25596,
    "sensitivity": 0.03488372093023256,
    "specificity": 0.9992159937279498,
    "precision": 0.13043478260869565,
    "npv": 0.9967543893950651,
    "f1_score": 0.055045871559633024,
    "accuracy": 0.9959759337396468,
    "fpr": 0.0007840062720501764,
    "fnr": 0.9651162790697675,
    "auc": 0.6601373834246489,
    "auprc": 0.026227176895285368
  }
}