{
  "Atelectasis": {
    "true_positives": 1972,
    "true_negatives": 15180,
    "false_positives": 7137,
    "false_negatives": 1307,
    "total_samples": 25596,
    "sensitivity": 0.6014028667276609,
    "specificity": 0.6801989514719721,
    "precision": 0.21648918651882754,
    "npv": 0.9207254200279008,
    "f1_score": 0.3183726186632225,
    "accuracy": 0.6701047038599781,
    "fpr": 0.319801048528028,
    "fnr": 0.39859713327233914,
    "auc": 0.6965039486279946,
    "auprc": 0.24436942348534765
  },
  "Consolidation": {
    "true_positives": 619,
    "true_negatives": 19981,
    "false_positives": 3800,
    "false_negatives": 1196,
    "total_samples": 25596,
    "sensitivity": 0.3410468319559229,
    "specificity": 0.8402085698667003,
    "precision": 0.14007694048427247,
    "npv": 0.943523634131369,
    "f1_score": 0.19858838626884825,
    "accuracy": 0.804813252070636,
    "fpr": 0.1597914301332997,
    "fnr": 0.6589531680440771,
    "auc": 0.6786296743829686,
    "auprc": 0.12560970615253902
  },
  "Infiltration": {
    "true_positives": 4810,
    "true_negatives": 8360,
    "false_positives": 11124,
    "false_negatives": 1302,
    "total_samples": 25596,
    "sensitivity": 0.786976439790576,
    "specificity": 0.4290700061588996,
    "precision": 0.3018702146353709,
    "npv": 0.8652452908300559,
    "f1_score": 0.43636033747618613,
    "accuracy": 0.5145335208626348,
    "fpr": 0.5709299938411004,
    "fnr": 0.2130235602094241,
    "auc": 0.6733851622851237,
    "auprc": 0.37670982483042326
  },
  "Pneumothorax": {
    "true_positives": 802,
    "true_negatives": 21344,
    "false_positives": 1587,
    "false_negatives": 1863,
    "total_samples": 25596,
    "sensitivity": 0.30093808630394,
    "specificity": 0.9307923771313942,
    "precision": 0.3357053160318125,
    "npv": 0.9197224975222993,
    "f1_score": 0.3173723783142066,
    "accuracy": 0.8652133145804032,
    "fpr": 0.06920762286860582,
    "fnr": 0.6990619136960601,
    "auc": 0.764707148609545,
    "auprc": 0.2801884988263023
  },
  "Edema": {
    "true_positives": 200,
    "true_negatives": 23405,
    "false_positives": 1266,
    "false_negatives": 725,
    "total_samples": 25596,
    "sensitivity": 0.21621621621621623,
    "specificity": 0.9486846905273398,
    "precision": 0.1364256480218281,
    "npv": 0.9699544135930377,
    "f1_score": 0.1672940192388122,
    "accuracy": 0.9222144085013283,
    "fpr": 0.051315309472660206,
    "fnr": 0.7837837837837838,
    "auc": 0.7749034373435492,
    "auprc": 0.10790728590775948
  },
  "Emphysema": {
    "true_positives": 230,
    "true_negatives": 23802,
    "false_positives": 701,
    "false_negatives": 863,
    "total_samples": 25596,
    "sensitivity": 0.21043000914913082,
    "specificity": 0.97139125821328,
    "precision": 0.24704618689581095,
    "npv": 0.9650111494019866,
    "f1_score": 0.22727272727272727,
    "accuracy": 0.9388967026097828,
    "fpr": 0.028608741786719995,
    "fnr": 0.7895699908508692,
    "auc": 0.7604575857339425,
    "auprc": 0.1654219276565792
  },
  "Fibrosis": {
    "true_positives": 50,
    "true_negatives": 24516,
    "false_positives": 645,
    "false_negatives": 385,
    "total_samples": 25596,
    "sensitivity": 0.11494252873563218,
    "specificity": 0.974365088827948,
    "precision": 0.07194244604316546,
    "npv": 0.9845387735432312,
    "f1_score": 0.08849557522123894,
    "accuracy": 0.9597593373964682,
    "fpr": 0.025634911172051984,
    "fnr": 0.8850574712643678,
    "auc": 0.6965308470918549,
    "auprc": 0.0519681493529138
  },
  "Effusion": {
    "true_positives": 3719,
    "true_negatives": 12705,
    "false_positives": 8233,
    "false_negatives": 939,
    "total_samples": 25596,
    "sensitivity": 0.7984113353370546,
    "specificity": 0.6067914796064572,
    "precision": 0.31116131191432395,
    "npv": 0.9311785400175902,
    "f1_score": 0.4478025285972306,
    "accuracy": 0.6416627598062197,
    "fpr": 0.3932085203935428,
    "fnr": 0.20158866466294548,
    "auc": 0.7795697891679706,
    "auprc": 0.4260277466722555
  },
  "Pneumonia": {
    "true_positives": 20,
    "true_negatives": 24577,
    "false_positives": 464,
    "false_negatives": 535,
    "total_samples": 25596,
    "sensitivity": 0.036036036036036036,
    "specificity": 0.981470388562757,
    "precision": 0.04132231404958678,
    "npv": 0.9786954444090474,
    "f1_score": 0.0384985563041386,
    "accuracy": 0.9609704641350211,
    "fpr": 0.01852961143724292,
    "fnr": 0.963963963963964,
    "auc": 0.617831908822684,
    "auprc": 0.03487433361414014
  },
  "Pleural_Thickening": {
    "true_positives": 280,
    "true_negatives": 22112,
    "false_positives": 2341,
    "false_negatives": 863,
    "total_samples": 25596,
    "sensitivity": 0.24496937882764655,
    "specificity": 0.9042653253179569,
    "precision": 0.106829454406715,
    "npv": 0.9624374319912948,
    "f1_score": 0.1487778958554729,
    "accuracy": 0.8748241912798875,
    "fpr": 0.09573467468204311,
    "fnr": 0.7550306211723534,
    "auc": 0.6715401399059363,
    "auprc": 0.08287858502417422
  },
  "Cardiomegaly": {
    "true_positives": 461,
    "true_negatives": 23330,
    "false_positives": 1197,
    "false_negatives": 608,
    "total_samples": 25596,
    "sensitivity": 0.431244153414406,
    "specificity": 0.9511966404370693,
    "precision": 0.2780458383594692,
    "npv": 0.9746010527195255,
    "f1_score": 0.33810047671433807,
    "accuracy": 0.9294811689326458,
    "fpr": 0.04880335956293065,
    "fnr": 0.568755846585594,
    "auc": 0.8167134914757462,
    "auprc": 0.23359249987648278
  },
  "Nodule": {
    "true_positives": 706,
    "true_negatives": 18834,
    "false_positives": 5139,
    "false_negatives": 917,
    "total_samples": 25596,
    "sensitivity": 0.4349969192852742,
    "specificity": 0.7856338380678263,
    "precision": 0.12078699743370402,
    "npv": 0.953571971039441,
    "f1_score": 0.18907337975361543,
    "accuracy": 0.7634005313330208,
    "fpr": 0.2143661619321737,
    "fnr": 0.5650030807147258,
    "auc": 0.6643365524765371,
    "auprc": 0.12665523177575366
  },
  "Mass": {
    "true_positives": 815,
    "true_negatives": 20309,
    "false_positives": 3539,
    "false_negatives": 933,
    "total_samples": 25596,
    "sensitivity": 0.4662471395881007,
    "specificity": 0.8516018114726602,
    "precision": 0.18718419843821774,
    "npv": 0.9560775821485736,
    "f1_score": 0.2671255326122583,
    "accuracy": 0.825285200812627,
    "fpr": 0.14839818852733982,
    "fnr": 0.5337528604118993,
    "auc": 0.7376767319069591,
    "auprc": 0.2144816633010414
  },
  "Hernia": {
    "true_positives": 26,
    "true_negatives": 25457,
    "false_positives": 53,
    "false_negatives": 60,
    "total_samples": 25596,
    "sensitivity": 0.3023255813953488,
    "specificity": 0.997922383379067,
    "precision": 0.3291139240506329,
    "npv": 0.9976486264059254,
    "f1_score": 0.3151515151515151,
    "accuracy": 0.9955852476949524,
    "fpr": 0.0020776166209329674,
    "fnr": 0.6976744186046512,
    "auc": 0.8565956806724221,
    "auprc": 0.24065069047554538
  }
}