{
  "Atelectasis": {
    "true_positives": 1194,
    "true_negatives": 18949,
    "false_positives": 3368,
    "false_negatives": 2085,
    "total_samples": 25596,
    "sensitivity": 0.36413540713632203,
    "specificity": 0.8490836581977864,
    "precision": 0.2617273125822008,
    "npv": 0.900874774175145,
    "f1_score": 0.304552990689963,
    "accuracy": 0.7869588998280982,
    "fpr": 0.15091634180221355,
    "fnr": 0.6358645928636779,
    "auc": 0.6936417346531225,
    "auprc": 0.24863283473255648
  },
  "Consolidation": {
    "true_positives": 250,
    "true_negatives": 22449,
    "false_positives": 1332,
    "false_negatives": 1565,
    "total_samples": 25596,
    "sensitivity": 0.13774104683195593,
    "specificity": 0.9439888987006434,
    "precision": 0.15802781289506954,
    "npv": 0.9348296826851004,
    "f1_score": 0.14718869590815425,
    "accuracy": 0.8868182528520081,
    "fpr": 0.05601110129935663,
    "fnr": 0.8622589531680441,
    "auc": 0.6461700505635504,
    "auprc": 0.11810855287291167
  },
  "Infiltration": {
    "true_positives": 3048,
    "true_negatives": 13358,
    "false_positives": 6126,
    "false_negatives": 3064,
    "total_samples": 25596,
    "sensitivity": 0.4986910994764398,
    "specificity": 0.6855881749127489,
    "precision": 0.3322432962720733,
    "npv": 0.8134210205821459,
    "f1_score": 0.3987962841816041,
    "accuracy": 0.6409595249257697,
    "fpr": 0.3144118250872511,
    "fnr": 0.5013089005235603,
    "auc": 0.6308524997286,
    "auprc": 0.3279291051959756
  },
  "Pneumothorax": {
    "true_positives": 852,
    "true_negatives": 21659,
    "false_positives": 1272,
    "false_negatives": 1813,
    "total_samples": 25596,
    "sensitivity": 0.3196998123827392,
    "specificity": 0.9445292398935938,
    "precision": 0.4011299435028249,
    "npv": 0.9227590320381731,
    "f1_score": 0.3558154103153059,
    "accuracy": 0.8794733552117519,
    "fpr": 0.055470760106406176,
    "fnr": 0.6803001876172607,
    "auc": 0.7943985230837304,
    "auprc": 0.33916757889495563
  },
  "Edema": {
    "true_positives": 192,
    "true_negatives": 23670,
    "false_positives": 1001,
    "false_negatives": 733,
    "total_samples": 25596,
    "sensitivity": 0.20756756756756756,
    "specificity": 0.9594260467755664,
    "precision": 0.16093880972338642,
    "npv": 0.96996270950293,
    "f1_score": 0.1813031161473088,
    "accuracy": 0.9322550398499766,
    "fpr": 0.040573953224433544,
    "fnr": 0.7924324324324324,
    "auc": 0.7587813901210196,
    "auprc": 0.12322060787582319
  },
  "Emphysema": {
    "true_positives": 475,
    "true_negatives": 23678,
    "false_positives": 825,
    "false_negatives": 618,
    "total_samples": 25596,
    "sensitivity": 0.434583714547118,
    "specificity": 0.9663306533893808,
    "precision": 0.36538461538461536,
    "npv": 0.9745637141916365,
    "f1_score": 0.3969912244045132,
    "accuracy": 0.9436240037505861,
    "fpr": 0.03366934661061911,
    "fnr": 0.565416285452882,
    "auc": 0.8571050115826884,
    "auprc": 0.31137538929796044
  },
  "Fibrosis": {
    "true_positives": 36,
    "true_negatives": 24915,
    "false_positives": 246,
    "false_negatives": 399,
    "total_samples": 25596,
    "sensitivity": 0.08275862068965517,
    "specificity": 0.9902229641111243,
    "precision": 0.1276595744680851,
    "npv": 0.9842379710831951,
    "f1_score": 0.100418410041841,
    "accuracy": 0.9748007501172058,
    "fpr": 0.009777035888875641,
    "fnr": 0.9172413793103448,
    "auc": 0.6895398689908254,
    "auprc": 0.056170832174526536
  },
  "Effusion": {
    "true_positives": 2373,
    "true_negatives": 17607,
    "false_positives": 3331,
    "false_negatives": 2285,
    "total_samples": 25596,
    "sensitivity": 0.5094461142121082,
    "specificity": 0.8409112618206133,
    "precision": 0.41602384291725103,
    "npv": 0.8851297003820632,
    "f1_score": 0.45801968731905035,
    "accuracy": 0.7805907172995781,
    "fpr": 0.15908873817938676,
    "fnr": 0.4905538857878918,
    "auc": 0.7668609445433391,
    "auprc": 0.42076161977206716
  },
  "Pneumonia": {
    "true_positives": 15,
    "true_negatives": 24794,
    "false_positives": 247,
    "false_negatives": 540,
    "total_samples": 25596,
    "sensitivity": 0.02702702702702703,
    "specificity": 0.9901361766702608,
    "precision": 0.05725190839694656,
    "npv": 0.9786847714533828,
    "f1_score": 0.03671970624235006,
    "accuracy": 0.9692530082825441,
    "fpr": 0.009863823329739228,
    "fnr": 0.972972972972973,
    "auc": 0.6143333941345204,
    "auprc": 0.03565429700508378
  },
  "Pleural_Thickening": {
    "true_positives": 145,
    "true_negatives": 23684,
    "false_positives": 769,
    "false_negatives": 998,
    "total_samples": 25596,
    "sensitivity": 0.1268591426071741,
    "specificity": 0.968551915920337,
    "precision": 0.1586433260393873,
    "npv": 0.9595656753909731,
    "f1_score": 0.14098201263976667,
    "accuracy": 0.9309657759024847,
    "fpr": 0.03144808407966303,
    "fnr": 0.8731408573928259,
    "auc": 0.6942194247761315,
    "auprc": 0.10042527507597435
  },
  "Cardiomegaly": {
    "true_positives": 330,
    "true_negatives": 23880,
    "false_positives": 647,
    "false_negatives": 739,
    "total_samples": 25596,
    "sensitivity": 0.3086997193638915,
    "specificity": 0.973620907571248,
    "precision": 0.33776867963152507,
    "npv": 0.9699825338153458,
    "f1_score": 0.32258064516129037,
    "accuracy": 0.9458509142053446,
    "fpr": 0.02637909242875199,
    "fnr": 0.6913002806361085,
    "auc": 0.8123708039741468,
    "auprc": 0.24435851991850271
  },
  "Nodule": {
    "true_positives": 287,
    "true_negatives": 22681,
    "false_positives": 1292,
    "false_negatives": 1336,
    "total_samples": 25596,
    "sensitivity": 0.17683302526186076,
    "specificity": 0.9461060359571184,
    "precision": 0.181760607979734,
    "npv": 0.9443727359786818,
    "f1_score": 0.17926296064959402,
    "accuracy": 0.8973277074542897,
    "fpr": 0.053893964042881576,
    "fnr": 0.8231669747381393,
    "auc": 0.6633918410830792,
    "auprc": 0.12845299826073997
  },
  "Mass": {
    "true_positives": 475,
    "true_negatives": 22596,
    "false_positives": 1252,
    "false_negatives": 1273,
    "total_samples": 25596,
    "sensitivity": 0.2717391304347826,
    "specificity": 0.9475008386447501,
    "precision": 0.27504342790966996,
    "npv": 0.9466672252712723,
    "f1_score": 0.27338129496402874,
    "accuracy": 0.9013517737146429,
    "fpr": 0.052499161355249915,
    "fnr": 0.7282608695652174,
    "auc": 0.7416698299758118,
    "auprc": 0.21940571188214128
  },
  "Hernia": {
    "true_positives": 24,
    "true_negatives": 25498,
    "false_positives": 12,
    "false_negatives": 62,
    "total_samples": 25596,
    "sensitivity": 0.27906976744186046,
    "specificity": 0.9995295962367698,
    "precision": 0.6666666666666666,
    "npv": 0.9975743348982785,
    "f1_score": 0.3934426229508197,
    "accuracy": 0.9971089232692608,
    "fpr": 0.00047040376323010584,
    "fnr": 0.7209302325581395,
    "auc": 0.8453709443629037,
    "auprc": 0.3176730720331479
  }
}