{
  "Atelectasis": {
    "true_positives": 2473,
    "true_negatives": 9825,
    "false_positives": 12492,
    "false_negatives": 806,
    "total_samples": 25596,
    "sensitivity": 0.754193351631595,
    "specificity": 0.4402473450732625,
    "precision": 0.16525225526227866,
    "npv": 0.924183990217289,
    "f1_score": 0.27110282832712124,
    "accuracy": 0.4804656977652758,
    "fpr": 0.5597526549267374,
    "fnr": 0.245806648368405
  },
  "Consolidation": {
    "true_positives": 1504,
    "true_negatives": 9966,
    "false_positives": 13815,
    "false_negatives": 311,
    "total_samples": 25596,
    "sensitivity": 0.8286501377410468,
    "specificity": 0.4190740507127539,
    "precision": 0.09817873229323063,
    "npv": 0.9697382504621972,
    "f1_score": 0.17555737130850937,
    "accuracy": 0.4481168932645726,
    "fpr": 0.5809259492872462,
    "fnr": 0.17134986225895316
  },
  "Infiltration": {
    "true_positives": 5022,
    "true_negatives": 6947,
    "false_positives": 12537,
    "false_negatives": 1090,
    "total_samples": 25596,
    "sensitivity": 0.8216623036649214,
    "specificity": 0.356548963251899,
    "precision": 0.2860071758072783,
    "npv": 0.8643772551947244,
    "f1_score": 0.42431667441172743,
    "accuracy": 0.46761212689482734,
    "fpr": 0.643451036748101,
    "fnr": 0.17833769633507854
  },
  "Pneumothorax": {
    "true_positives": 1995,
    "true_negatives": 13560,
    "false_positives": 9371,
    "false_negatives": 670,
    "total_samples": 25596,
    "sensitivity": 0.7485928705440901,
    "specificity": 0.5913392350965941,
    "precision": 0.17552349111384832,
    "npv": 0.9529163738580464,
    "f1_score": 0.28437032285653197,
    "accuracy": 0.6077121425222691,
    "fpr": 0.40866076490340586,
    "fnr": 0.25140712945590993
  },
  "Edema": {
    "true_positives": 786,
    "true_negatives": 13591,
    "false_positives": 11080,
    "false_negatives": 139,
    "total_samples": 25596,
    "sensitivity": 0.8497297297297297,
    "specificity": 0.5508897085647116,
    "precision": 0.06623967638631384,
    "npv": 0.9898761835396941,
    "f1_score": 0.12289891329841296,
    "accuracy": 0.561689326457259,
    "fpr": 0.4491102914352884,
    "fnr": 0.15027027027027026
  },
  "Emphysema": {
    "true_positives": 748,
    "true_negatives": 14613,
    "false_positives": 9890,
    "false_negatives": 345,
    "total_samples": 25596,
    "sensitivity": 0.6843549862763038,
    "specificity": 0.5963759539648207,
    "precision": 0.07031396879112616,
    "npv": 0.9769354191736863,
    "f1_score": 0.12752536015684937,
    "accuracy": 0.6001328332551962,
    "fpr": 0.4036240460351794,
    "fnr": 0.31564501372369624
  },
  "Fibrosis": {
    "true_positives": 269,
    "true_negatives": 18942,
    "false_positives": 6219,
    "false_negatives": 166,
    "total_samples": 25596,
    "sensitivity": 0.6183908045977011,
    "specificity": 0.7528317634434244,
    "precision": 0.041461159062885326,
    "npv": 0.9913125392505757,
    "f1_score": 0.0777119745774953,
    "accuracy": 0.7505469604625723,
    "fpr": 0.24716823655657566,
    "fnr": 0.3816091954022989
  },
  "Effusion": {
    "true_positives": 3938,
    "true_negatives": 9550,
    "false_positives": 11388,
    "false_negatives": 720,
    "total_samples": 25596,
    "sensitivity": 0.845427221983684,
    "specificity": 0.45610851084153214,
    "precision": 0.2569489755970247,
    "npv": 0.9298928919182083,
    "f1_score": 0.39411529223378705,
    "accuracy": 0.5269573370839193,
    "fpr": 0.5438914891584679,
    "fnr": 0.15457277801631603
  },
  "Pneumonia": {
    "true_positives": 370,
    "true_negatives": 12644,
    "false_positives": 12397,
    "false_negatives": 185,
    "total_samples": 25596,
    "sensitivity": 0.6666666666666666,
    "specificity": 0.5049319116648696,
    "precision": 0.02898096655439806,
    "npv": 0.9855795463403227,
    "f1_score": 0.05554721513286293,
    "accuracy": 0.5084388185654009,
    "fpr": 0.4950680883351304,
    "fnr": 0.3333333333333333
  },
  "Pleural_Thickening": {
    "true_positives": 726,
    "true_negatives": 14497,
    "false_positives": 9956,
    "false_negatives": 417,
    "total_samples": 25596,
    "sensitivity": 0.6351706036745407,
    "specificity": 0.5928515928515928,
    "precision": 0.06796480059913874,
    "npv": 0.9720396942470162,
    "f1_score": 0.1227906976744186,
    "accuracy": 0.5947413658384123,
    "fpr": 0.40714840714840717,
    "fnr": 0.3648293963254593
  },
  "Cardiomegaly": {
    "true_positives": 755,
    "true_negatives": 15282,
    "false_positives": 9245,
    "false_negatives": 314,
    "total_samples": 25596,
    "sensitivity": 0.706267539756782,
    "specificity": 0.6230684551718514,
    "precision": 0.0755,
    "npv": 0.979866632469864,
    "f1_score": 0.13641702050772425,
    "accuracy": 0.6265432098765432,
    "fpr": 0.37693154482814856,
    "fnr": 0.293732460243218
  },
  "Nodule": {
    "true_positives": 984,
    "true_negatives": 13945,
    "false_positives": 10028,
    "false_negatives": 639,
    "total_samples": 25596,
    "sensitivity": 0.6062846580406654,
    "specificity": 0.5816960747507612,
    "precision": 0.0893570650199782,
    "npv": 0.9561848601206802,
    "f1_score": 0.1557578155916106,
    "accuracy": 0.5832551961243945,
    "fpr": 0.4183039252492387,
    "fnr": 0.39371534195933455
  },
  "Mass": {
    "true_positives": 1103,
    "true_negatives": 13162,
    "false_positives": 10686,
    "false_negatives": 645,
    "total_samples": 25596,
    "sensitivity": 0.6310068649885584,
    "specificity": 0.5519121100301912,
    "precision": 0.09356179489354483,
    "npv": 0.9532845657999566,
    "f1_score": 0.16296077417448473,
    "accuracy": 0.5573136427566807,
    "fpr": 0.4480878899698088,
    "fnr": 0.36899313501144165
  },
  "Hernia": {
    "true_positives": 46,
    "true_negatives": 22043,
    "false_positives": 3467,
    "false_negatives": 40,
    "total_samples": 25596,
    "sensitivity": 0.5348837209302325,
    "specificity": 0.8640925127401019,
    "precision": 0.01309422146313692,
    "npv": 0.9981886519041797,
    "f1_score": 0.02556265629341484,
    "accuracy": 0.8629864041256446,
    "fpr": 0.13590748725989807,
    "fnr": 0.46511627906976744
  }
}