{
  "Atelectasis": {
    "true_positives": 798,
    "true_negatives": 20035,
    "false_positives": 2282,
    "false_negatives": 2481,
    "total_samples": 25596,
    "sensitivity": 0.2433668801463861,
    "specificity": 0.8977461128287852,
    "precision": 0.2590909090909091,
    "npv": 0.8898116894652691,
    "f1_score": 0.25098285894008493,
    "accuracy": 0.8139162369120175,
    "fpr": 0.10225388717121477,
    "fnr": 0.7566331198536139,
    "auc": 0.6595361360194015,
    "auprc": 0.22017334829545596
  },
  "Consolidation": {
    "true_positives": 126,
    "true_negatives": 22840,
    "false_positives": 941,
    "false_negatives": 1689,
    "total_samples": 25596,
    "sensitivity": 0.06942148760330578,
    "specificity": 0.960430595853833,
    "precision": 0.11808809746954077,
    "npv": 0.9311427290146357,
    "f1_score": 0.08743927827897294,
    "accuracy": 0.8972495702453508,
    "fpr": 0.03956940414616711,
    "fnr": 0.9305785123966942,
    "auc": 0.62330534956084,
    "auprc": 0.10184141630777821
  },
  "Infiltration": {
    "true_positives": 2674,
    "true_negatives": 13991,
    "false_positives": 5493,
    "false_negatives": 3438,
    "total_samples": 25596,
    "sensitivity": 0.4375,
    "specificity": 0.7180763703551633,
    "precision": 0.32741520754254927,
    "npv": 0.8027425555109301,
    "f1_score": 0.37453603193500945,
    "accuracy": 0.6510782934833568,
    "fpr": 0.2819236296448368,
    "fnr": 0.5625,
    "auc": 0.6126621228883197,
    "auprc": 0.31678199159994913
  },
  "Pneumothorax": {
    "true_positives": 652,
    "true_negatives": 21802,
    "false_positives": 1129,
    "false_negatives": 2013,
    "total_samples": 25596,
    "sensitivity": 0.24465290806754222,
    "specificity": 0.9507653394967511,
    "precision": 0.3660864682762493,
    "npv": 0.915473441108545,
    "f1_score": 0.29329734592892487,
    "accuracy": 0.8772464447569933,
    "fpr": 0.04923466050324888,
    "fnr": 0.7553470919324577,
    "auc": 0.7532626102469246,
    "auprc": 0.2712610790627457
  },
  "Edema": {
    "true_positives": 131,
    "true_negatives": 23902,
    "false_positives": 769,
    "false_negatives": 794,
    "total_samples": 25596,
    "sensitivity": 0.14162162162162162,
    "specificity": 0.9688298001702403,
    "precision": 0.14555555555555555,
    "npv": 0.9678490443796566,
    "f1_score": 0.14356164383561643,
    "accuracy": 0.9389357712142522,
    "fpr": 0.031170199829759635,
    "fnr": 0.8583783783783784,
    "auc": 0.7654089986382963,
    "auprc": 0.10515416909914335
  },
  "Emphysema": {
    "true_positives": 232,
    "true_negatives": 23922,
    "false_positives": 581,
    "false_negatives": 861,
    "total_samples": 25596,
    "sensitivity": 0.21225983531564502,
    "specificity": 0.9762886177202792,
    "precision": 0.2853628536285363,
    "npv": 0.9652584432877376,
    "f1_score": 0.24344176285414482,
    "accuracy": 0.9436630723550555,
    "fpr": 0.02371138227972085,
    "fnr": 0.787740164684355,
    "auc": 0.7822696543048914,
    "auprc": 0.19399481834749355
  },
  "Fibrosis": {
    "true_positives": 14,
    "true_negatives": 25040,
    "false_positives": 121,
    "false_negatives": 421,
    "total_samples": 25596,
    "sensitivity": 0.03218390804597701,
    "specificity": 0.9951909701522197,
    "precision": 0.1037037037037037,
    "npv": 0.9834649071128393,
    "f1_score": 0.04912280701754385,
    "accuracy": 0.978824816377559,
    "fpr": 0.004809029847780295,
    "fnr": 0.967816091954023,
    "auc": 0.6903789252387041,
    "auprc": 0.04392098138137199
  },
  "Effusion": {
    "true_positives": 1954,
    "true_negatives": 17849,
    "false_positives": 3089,
    "false_negatives": 2704,
    "total_samples": 25596,
    "sensitivity": 0.41949334478316874,
    "specificity": 0.8524691947654981,
    "precision": 0.38746777711679553,
    "npv": 0.868437697659709,
    "f1_score": 0.40284506751881244,
    "accuracy": 0.7736755743084857,
    "fpr": 0.14753080523450185,
    "fnr": 0.5805066552168313,
    "auc": 0.737234597956936,
    "auprc": 0.3720019322858163
  },
  "Pneumonia": {
    "true_positives": 7,
    "true_negatives": 24906,
    "false_positives": 135,
    "false_negatives": 548,
    "total_samples": 25596,
    "sensitivity": 0.012612612612612612,
    "specificity": 0.9946088414999401,
    "precision": 0.04929577464788732,
    "npv": 0.9784709672350121,
    "f1_score": 0.020086083213773313,
    "accuracy": 0.9733161431473668,
    "fpr": 0.0053911585000599015,
    "fnr": 0.9873873873873874,
    "auc": 0.5874380070738043,
    "auprc": 0.03035028766735223
  },
  "Pleural_Thickening": {
    "true_positives": 98,
    "true_negatives": 23779,
    "false_positives": 674,
    "false_negatives": 1045,
    "total_samples": 25596,
    "sensitivity": 0.0857392825896763,
    "specificity": 0.9724369198053409,
    "precision": 0.12694300518134716,
    "npv": 0.9579036416371254,
    "f1_score": 0.10234986945169713,
    "accuracy": 0.9328410689170182,
    "fpr": 0.027563080194659143,
    "fnr": 0.9142607174103237,
    "auc": 0.6523764463397009,
    "auprc": 0.08208244997254494
  },
  "Cardiomegaly": {
    "true_positives": 209,
    "true_negatives": 24117,
    "false_positives": 410,
    "false_negatives": 860,
    "total_samples": 25596,
    "sensitivity": 0.19550982226379796,
    "specificity": 0.9832837281363396,
    "precision": 0.3376413570274637,
    "npv": 0.9655683228570284,
    "f1_score": 0.2476303317535545,
    "accuracy": 0.9503828723238006,
    "fpr": 0.016716271863660457,
    "fnr": 0.804490177736202,
    "auc": 0.7997553373054868,
    "auprc": 0.20617523175542918
  },
  "Nodule": {
    "true_positives": 196,
    "true_negatives": 22808,
    "false_positives": 1165,
    "false_negatives": 1427,
    "total_samples": 25596,
    "sensitivity": 0.12076401725200246,
    "specificity": 0.9514036624535936,
    "precision": 0.14401175606171931,
    "npv": 0.9411182174540953,
    "f1_score": 0.13136729222520108,
    "accuracy": 0.8987341772151899,
    "fpr": 0.048596337546406375,
    "fnr": 0.8792359827479975,
    "auc": 0.6165751422085315,
    "auprc": 0.10173284125354567
  },
  "Mass": {
    "true_positives": 307,
    "true_negatives": 22581,
    "false_positives": 1267,
    "false_negatives": 1441,
    "total_samples": 25596,
    "sensitivity": 0.17562929061784896,
    "specificity": 0.9468718550821872,
    "precision": 0.19504447268106734,
    "npv": 0.9400133211223045,
    "f1_score": 0.18482841661649607,
    "accuracy": 0.8942022190967339,
    "fpr": 0.053128144917812814,
    "fnr": 0.8243707093821511,
    "auc": 0.6607962533689723,
    "auprc": 0.1382206765327883
  },
  "Hernia": {
    "true_positives": 2,
    "true_negatives": 25500,
    "false_positives": 10,
    "false_negatives": 84,
    "total_samples": 25596,
    "sensitivity": 0.023255813953488372,
    "specificity": 0.999607996863975,
    "precision": 0.16666666666666666,
    "npv": 0.9967166979362101,
    "f1_score": 0.04081632653061224,
    "accuracy": 0.9963275511798718,
    "fpr": 0.0003920031360250882,
    "fnr": 0.9767441860465116,
    "auc": 0.6546580000546981,
    "auprc": 0.03352264121127915
  }
}